entry_hours,buffer_atr,stop_frac,target_r,trades,expectancy_r,profit_factor
2.0,0.0,0.5,1.0,192,-0.03146861706972736,0.9339292609693788
2.0,0.0,0.5,1.5,192,-0.12178443094701485,0.7892304377792442
2.0,0.0,0.5,2.0,192,-0.16296685856343943,0.7344152168954456
2.0,0.0,0.5,2.5,192,-0.17124507800850294,0.7254771890105657
2.0,0.0,0.75,1.0,192,-0.05991171399235471,0.8626698338409783
2.0,0.0,0.75,1.5,192,-0.08497104928432682,0.8205785751682191
2.0,0.0,0.75,2.0,192,-0.10793718115032445,0.7808602366115382
2.0,0.0,0.75,2.5,192,-0.10654095506507154,0.7845979858033286
2.0,0.0,1.0,1.0,192,-0.01736149022654847,0.9493314111754066
2.0,0.0,1.0,1.5,192,-0.03185718080268881,0.9111838325441816
2.0,0.0,1.0,2.0,192,-0.021880702857267054,0.9392617349947798
2.0,0.0,1.0,2.5,192,-0.020106360179829436,0.9441871021758661
2.0,0.05,0.5,1.0,126,-0.05193159666603367,0.8894641194379178
2.0,0.05,0.5,1.5,126,-0.08809261242256261,0.8298855342635679
2.0,0.05,0.5,2.0,126,-0.1337736778327874,0.757032876429107
2.0,0.05,0.5,2.5,126,-0.15562625787833242,0.7213595416538042
2.0,0.05,0.75,1.0,126,-0.05718132921201539,0.8579747501813154
2.0,0.05,0.75,1.5,126,-0.08509683287883105,0.803654280616917
2.0,0.05,0.75,2.0,126,-0.11192012195234954,0.744153406800589
2.0,0.05,0.75,2.5,126,-0.0931684217261027,0.7870193234551872
2.0,0.05,1.0,1.0,126,0.0015507596354903273,1.005163163896703
2.0,0.05,1.0,1.5,126,-0.03141137635575058,0.9004707928547072
2.0,0.05,1.0,2.0,126,-0.025308817357192204,0.919807190337102
2.0,0.05,1.0,2.5,126,-0.034346633665963563,0.8918387835281415
2.0,0.1,0.5,1.0,97,-0.23249298500454885,0.5714396927430043
2.0,0.1,0.5,1.5,97,-0.22755563957877814,0.5958993669722554
2.0,0.1,0.5,2.0,97,-0.29025290570182866,0.5024502275827322
2.0,0.1,0.5,2.5,97,-0.2816918633726894,0.5171255144751004
2.0,0.1,0.75,1.0,97,-0.15536691224852356,0.648708858465876
2.0,0.1,0.75,1.5,97,-0.21192543606766265,0.534776713697511
2.0,0.1,0.75,2.0,97,-0.20022189603935767,0.5604685770923439
2.0,0.1,0.75,2.5,97,-0.21691338018484332,0.5280489611211854
2.0,0.1,1.0,1.0,97,-0.13340299261885122,0.6207523749664947
2.0,0.1,1.0,1.5,97,-0.1341782208012146,0.6185485005162389
2.0,0.1,1.0,2.0,97,-0.14981724817608302,0.5780018452823649
2.0,0.1,1.0,2.5,97,-0.14469764884502156,0.5924224910818547
3.0,0.0,0.5,1.0,208,-0.036895330002868425,0.9228310111944186
3.0,0.0,0.5,1.5,208,-0.10706443342976896,0.8127665354291829
3.0,0.0,0.5,2.0,208,-0.14536676393787296,0.761570024741757
3.0,0.0,0.5,2.5,208,-0.15308665202627272,0.7527179317830248
3.0,0.0,0.75,1.0,208,-0.0439717100104277,0.8966900381230138
3.0,0.0,0.75,1.5,208,-0.06848845829317005,0.852677775538797
3.0,0.0,0.75,2.0,208,-0.10098356724242545,0.7927281547239413
3.0,0.0,0.75,2.5,208,-0.09969474316373048,0.7961709654855871
3.0,0.0,1.0,1.0,208,-0.002770442299744683,0.9916683732646119
3.0,0.0,1.0,1.5,208,-0.02513642074486427,0.9283460629505839
3.0,0.0,1.0,2.0,208,-0.015927364179859568,0.9547829155060445
3.0,0.0,1.0,2.5,208,-0.014289509400686372,0.9594327129930857
3.0,0.05,0.5,1.0,153,-0.06548795449707517,0.8625473082677101
3.0,0.05,0.5,1.5,153,-0.10880220986602662,0.7937379817552994
3.0,0.05,0.5,2.0,153,-0.1514958914651356,0.7299508010336835
3.0,0.05,0.5,2.5,153,-0.16051830157594982,0.7171631289405536
3.0,0.05,0.75,1.0,153,-0.08555722715505684,0.7933373315711171
3.0,0.05,0.75,1.5,153,-0.1104746485652512,0.7522358690486284
3.0,0.05,0.75,2.0,153,-0.12423743967523752,0.7234369636636332
3.0,0.05,0.75,2.5,153,-0.10857299003114317,0.758307351909185
3.0,0.05,1.0,1.0,153,-0.0182877084792053,0.9405237921957429
3.0,0.05,1.0,1.5,153,-0.046649520069458376,0.8564466810500853
3.0,0.05,1.0,2.0,153,-0.04084356479980952,0.8743131917321214
3.0,0.05,1.0,2.5,153,-0.04512558742912512,0.8618193639717607
3.0,0.1,0.5,1.0,116,-0.20424214202425856,0.6133942782345423
3.0,0.1,0.5,1.5,116,-0.23327027959587002,0.582707712641904
3.0,0.1,0.5,2.0,116,-0.27329875821173677,0.5254744575336684
3.0,0.1,0.5,2.5,116,-0.25374054786327227,0.5594331569291681
3.0,0.1,0.75,1.0,116,-0.15666726177960097,0.6429096001101745
3.0,0.1,0.75,1.5,116,-0.21129267486829856,0.5391074449209368
3.0,0.1,0.75,2.0,116,-0.18898408405513023,0.587769157526465
3.0,0.1,0.75,2.5,116,-0.1940241388563498,0.5798978833083607
3.0,0.1,1.0,1.0,116,-0.13575886588956132,0.6101197904588808
3.0,0.1,1.0,1.5,116,-0.12380882049504674,0.6444386260790116
3.0,0.1,1.0,2.0,116,-0.12666252850925064,0.6390703521870793
3.0,0.1,1.0,2.5,116,-0.11780907461214005,0.6642986026777419
4.0,0.0,0.5,1.0,220,-0.05463526033842433,0.8881332082769661
4.0,0.0,0.5,1.5,220,-0.1145526321180569,0.8014673546017321
4.0,0.0,0.5,2.0,220,-0.1442401595233343,0.7646178628585268
4.0,0.0,0.5,2.5,220,-0.14501337773180037,0.7667368302917339
4.0,0.0,0.75,1.0,220,-0.05020612286112586,0.8834365685117325
4.0,0.0,0.75,1.5,220,-0.06736118178552059,0.8560159414337744
4.0,0.0,0.75,2.0,220,-0.09973895061477357,0.7960078611806294
4.0,0.0,0.75,2.5,220,-0.09407778638434139,0.808293028123011
4.0,0.0,1.0,1.0,220,-0.008645881118189688,0.9744338923820282
4.0,0.0,1.0,1.5,220,-0.029395970934894194,0.917302106503838
4.0,0.0,1.0,2.0,220,-0.016221423298453413,0.9545392698035573
4.0,0.0,1.0,2.5,220,-0.010205102804980593,0.9714000789752884
4.0,0.05,0.5,1.0,166,-0.05839417475092187,0.8756952072474673
4.0,0.05,0.5,1.5,166,-0.10328680718793803,0.8024531121097569
4.0,0.05,0.5,2.0,166,-0.1479768885123962,0.7330764564251676
4.0,0.05,0.5,2.5,166,-0.15332583091795618,0.7264009629434809
4.0,0.05,0.75,1.0,166,-0.08154655867213825,0.8024454386096305
4.0,0.05,0.75,1.5,166,-0.11810891832713359,0.7367592653895999
4.0,0.05,0.75,2.0,166,-0.1278136802822695,0.7170664534039669
4.0,0.05,0.75,2.5,166,-0.11039574443394548,0.7556235026420846
4.0,0.05,1.0,1.0,166,-0.027458303239051178,0.9130882484823648
4.0,0.05,1.0,1.5,166,-0.05711513541419489,0.828183176609474
4.0,0.05,1.0,2.0,166,-0.04877639020845422,0.853268238597391
4.0,0.05,1.0,2.5,166,-0.0575410078212524,0.8276696655911945
4.0,0.1,0.5,1.0,125,-0.18759016159028,0.6366094655321834
4.0,0.1,0.5,1.5,125,-0.20595587532662915,0.6219079519785577
4.0,0.1,0.5,2.0,125,-0.23915316887398302,0.5732736500427061
4.0,0.1,0.5,2.5,125,-0.2170554034700824,0.612703187261123
4.0,0.1,0.75,1.0,125,-0.1429322641873879,0.6688560047326196
4.0,0.1,0.75,1.5,125,-0.1902710692613469,0.5771023438885654
4.0,0.1,0.75,2.0,125,-0.16560698193312676,0.6319208970281676
4.0,0.1,0.75,2.5,125,-0.16632243773505845,0.6329107667412377
4.0,0.1,1.0,1.0,125,-0.12303557052372371,0.6411101691305067
4.0,0.1,1.0,1.5,125,-0.10797613760602061,0.6850379317264693
4.0,0.1,1.0,2.0,125,-0.1143614701465537,0.668857068713365
4.0,0.1,1.0,2.5,125,-0.10614546493003506,0.692647179555572
