dev_atr,stop_atr,min_reward_risk,trades,expectancy_r,profit_factor
0.25,0.15,0.5,492,-0.11964506591733823,0.8011808463343012
0.25,0.15,0.8,492,-0.11964506591733823,0.8011808463343012
0.25,0.15,1.2,492,-0.11964506591733823,0.8011808463343012
0.25,0.2,0.5,443,-0.11634074644188713,0.7801336906710129
0.25,0.2,0.8,443,-0.11634074644188713,0.7801336906710129
0.25,0.2,1.2,443,-0.11634074644188713,0.7801336906710129
0.25,0.25,0.5,414,-0.10473459532865398,0.7747002956396137
0.25,0.25,0.8,414,-0.10473459532865398,0.7747002956396137
0.25,0.25,1.2,322,-0.09921107887183345,0.788720248670251
0.25,0.35,0.5,371,-0.06790785586570297,0.8099401111622749
0.25,0.35,0.8,325,-0.06708597094451337,0.8169837090815605
0.25,0.35,1.2,172,-0.10273984678982107,0.7408100196465852
0.3,0.15,0.5,384,-0.11199165892264278,0.8148508371303878
0.3,0.15,0.8,384,-0.11199165892264278,0.8148508371303878
0.3,0.15,1.2,384,-0.11199165892264278,0.8148508371303878
0.3,0.2,0.5,349,-0.12446521931985333,0.7700110372733638
0.3,0.2,0.8,349,-0.12446521931985333,0.7700110372733638
0.3,0.2,1.2,349,-0.12446521931985333,0.7700110372733638
0.3,0.25,0.5,322,-0.09921107887183345,0.788720248670251
0.3,0.25,0.8,322,-0.09921107887183345,0.788720248670251
0.3,0.25,1.2,322,-0.09921107887183345,0.788720248670251
0.3,0.35,0.5,288,-0.0603031853828245,0.8331197317907311
0.3,0.35,0.8,288,-0.0603031853828245,0.8331197317907311
0.3,0.35,1.2,172,-0.10273984678982107,0.7408100196465852
0.35,0.15,0.5,293,-0.10010688292573722,0.8379724459548469
0.35,0.15,0.8,293,-0.10010688292573722,0.8379724459548469
0.35,0.15,1.2,293,-0.10010688292573722,0.8379724459548469
0.35,0.2,0.5,269,-0.11939822030867837,0.784378999100824
0.35,0.2,0.8,269,-0.11939822030867837,0.784378999100824
0.35,0.2,1.2,269,-0.11939822030867837,0.784378999100824
0.35,0.25,0.5,252,-0.10478645171193172,0.7862935201414121
0.35,0.25,0.8,252,-0.10478645171193172,0.7862935201414121
0.35,0.25,1.2,252,-0.10478645171193172,0.7862935201414121
0.35,0.35,0.5,227,-0.06865367431328478,0.8177092298859143
0.35,0.35,0.8,227,-0.06865367431328478,0.8177092298859143
0.35,0.35,1.2,172,-0.10273984678982107,0.7408100196465852
0.45,0.15,0.5,169,-0.06991334841630006,0.8861123768059037
0.45,0.15,0.8,169,-0.06991334841630006,0.8861123768059037
0.45,0.15,1.2,169,-0.06991334841630006,0.8861123768059037
0.45,0.2,0.5,156,-0.08520208721345679,0.84400898596847
0.45,0.2,0.8,156,-0.08520208721345679,0.84400898596847
0.45,0.2,1.2,156,-0.08520208721345679,0.84400898596847
0.45,0.25,0.5,151,-0.06550467779485075,0.864039755941203
0.45,0.25,0.8,151,-0.06550467779485075,0.864039755941203
0.45,0.25,1.2,151,-0.06550467779485075,0.864039755941203
0.45,0.35,0.5,138,-0.046116248150660406,0.8789991249435263
0.45,0.35,0.8,138,-0.046116248150660406,0.8789991249435263
0.45,0.35,1.2,138,-0.046116248150660406,0.8789991249435263
0.55,0.15,0.5,113,-0.008978222362514134,0.98609716497041
0.55,0.15,0.8,113,-0.008978222362514134,0.98609716497041
0.55,0.15,1.2,113,-0.008978222362514134,0.98609716497041
0.55,0.2,0.5,104,-0.051844611268235724,0.9122871073066436
0.55,0.2,0.8,104,-0.051844611268235724,0.9122871073066436
0.55,0.2,1.2,104,-0.051844611268235724,0.9122871073066436
0.55,0.25,0.5,100,-0.0536457896219425,0.8958231487818927
0.55,0.25,0.8,100,-0.0536457896219425,0.8958231487818927
0.55,0.25,1.2,100,-0.0536457896219425,0.8958231487818927
0.55,0.35,0.5,91,-0.08069441120629252,0.8150895259100082
0.55,0.35,0.8,91,-0.08069441120629252,0.8150895259100082
0.55,0.35,1.2,91,-0.08069441120629252,0.8150895259100082
