obs_minutes,thresh_atr,stop_atr,target_r,trades,expectancy_r,profit_factor
15,0.1,0.15,1.0,93,-0.16891199671820284,0.6979073904847526
15,0.1,0.15,1.5,93,-0.14155494265658117,0.7768710225921686
15,0.1,0.15,2.0,93,-0.07608098405068524,0.8858785239239719
15,0.1,0.15,3.0,93,-0.07936816726750814,0.8893174066573827
15,0.1,0.25,1.0,93,-0.12393456176552882,0.7642599521486984
15,0.1,0.25,1.5,93,-0.082231753872165,0.858096084814582
15,0.1,0.25,2.0,93,-0.1505914707036931,0.755737548670587
15,0.1,0.25,3.0,93,-0.10481958668809571,0.8299804824793289
15,0.1,0.35,1.0,93,-0.06434376670123028,0.8581215679032542
15,0.1,0.35,1.5,93,-0.08008488476507535,0.8301332391981159
15,0.1,0.35,2.0,93,-0.06079392982593918,0.8710509733985052
15,0.1,0.35,3.0,93,-0.013076948638791044,0.9722626946026053
15,0.15,0.15,1.0,44,-0.35673489988729945,0.4587470484468559
15,0.15,0.15,1.5,44,-0.40754750056543065,0.4566033325794258
15,0.15,0.15,2.0,44,-0.3553214633895443,0.5401722238488249
15,0.15,0.15,3.0,44,-0.19080403234600507,0.7530771346110522
15,0.15,0.25,1.0,44,-0.3158662558209246,0.5036387408528328
15,0.15,0.25,1.5,44,-0.2798571085484813,0.5895429074622275
15,0.15,0.25,2.0,44,-0.2906310130880017,0.5874914652944492
15,0.15,0.25,3.0,44,-0.24607725546627132,0.6507290567575504
15,0.15,0.35,1.0,44,-0.2050697434716163,0.614186493217798
15,0.15,0.35,1.5,44,-0.1609689572787735,0.6985088527594011
15,0.15,0.35,2.0,44,-0.13663488382885897,0.7440860115201803
15,0.15,0.35,3.0,44,-0.1029501562949342,0.8071767298821184
15,0.2,0.15,1.0,24,-0.3778392743724115,0.4332410884413828
15,0.2,0.15,1.5,24,-0.41361777634704106,0.4485096315372786
15,0.2,0.15,2.0,24,-0.2967005667452536,0.604399244339662
15,0.2,0.15,3.0,24,-0.0628661475416848,0.9161784699444202
15,0.2,0.25,1.0,24,-0.281738866253766,0.5492178139939745
15,0.2,0.25,1.5,24,-0.3182100978709031,0.5507622147704898
15,0.2,0.25,2.0,24,-0.39581306969660307,0.47224924040452926
15,0.2,0.25,3.0,24,-0.39224568492617146,0.47700575343177143
15,0.2,0.35,1.0,24,-0.24688162663578864,0.5777639325927195
15,0.2,0.35,1.5,24,-0.2310286313848806,0.6078083969006512
15,0.2,0.35,2.0,24,-0.22292765794894354,0.6215605181830236
15,0.2,0.35,3.0,24,-0.16921533522849633,0.7127419523959451
30,0.1,0.15,1.0,147,-0.16323902238345186,0.7031129198317405
30,0.1,0.15,1.5,147,-0.17071838319516666,0.7316115823614173
30,0.1,0.15,2.0,147,-0.12093451380755069,0.8184014552252435
30,0.1,0.15,3.0,147,-0.06401932350442371,0.9088966225968083
30,0.1,0.25,1.0,147,-0.039699638769122934,0.9133393233361978
30,0.1,0.25,1.5,147,-0.005611616646368099,0.9889120780988917
30,0.1,0.25,2.0,147,0.01276426188468577,1.0241416017713003
30,0.1,0.25,3.0,147,-4.724821183331706e-05,0.9999118061025192
30,0.1,0.35,1.0,147,-0.02267445620339896,0.9429626640013986
30,0.1,0.35,1.5,147,-0.00345599401076509,0.991822165901534
30,0.1,0.35,2.0,147,-0.018616006056730534,0.955988990254252
30,0.1,0.35,3.0,147,-0.0020705418207755894,0.9951797814990453
30,0.15,0.15,1.0,87,-0.20937404747662178,0.6360996303123192
30,0.15,0.15,1.5,87,-0.23473864766868494,0.6482340849453135
30,0.15,0.15,2.0,87,-0.20264842316063153,0.71186089331278
30,0.15,0.15,3.0,87,-0.13832754898775015,0.8152401273647543
30,0.15,0.25,1.0,87,-0.04289724420705704,0.9103467091054247
30,0.15,0.25,1.5,87,-0.04562004768472603,0.9164890672065155
30,0.15,0.25,2.0,87,-0.0014254003745158763,0.9974960682077392
30,0.15,0.25,3.0,87,-0.01819477528832158,0.9686892513752611
30,0.15,0.35,1.0,87,-0.017193124081267688,0.9580571523965197
30,0.15,0.35,1.5,87,-0.012406280226627639,0.9724258127131581
30,0.15,0.35,2.0,87,-0.018597407766561234,0.9587243449873276
30,0.15,0.35,3.0,87,-0.0037757195301590966,0.9918215025745729
30,0.2,0.15,1.0,43,-0.2973091218064115,0.5265076949009001
30,0.2,0.15,1.5,43,-0.2909806823105389,0.5829276886882276
30,0.2,0.15,2.0,43,-0.280443381099252,0.6231542066478801
30,0.2,0.15,3.0,43,-0.2357332768175931,0.7014164222635799
30,0.2,0.25,1.0,43,-0.044953654535453476,0.907952040713119
30,0.2,0.25,1.5,43,-0.08645690616604196,0.850200268903478
30,0.2,0.25,2.0,43,-0.04440476908496361,0.9260420663543797
30,0.2,0.25,3.0,43,-0.009978482249668174,0.9833804354056452
30,0.2,0.35,1.0,43,-0.02191904823455991,0.9470639006534898
30,0.2,0.35,1.5,43,-0.06136790806992945,0.8695405021625611
30,0.2,0.35,2.0,43,-0.04926541150274383,0.8952686991044416
30,0.2,0.35,3.0,43,-0.003922615200682969,0.9916610745683646
45,0.1,0.15,1.0,177,-0.07690636230302732,0.8486821729823577
45,0.1,0.15,1.5,177,-0.022419178000197083,0.960695056176917
45,0.1,0.15,2.0,177,0.07753284994374235,1.1313188683857625
45,0.1,0.15,3.0,177,0.14295846115734345,1.2267834375290774
45,0.1,0.25,1.0,177,0.03570911654245318,1.084067888363744
45,0.1,0.25,1.5,177,0.07320452866307088,1.1578023921307068
45,0.1,0.25,2.0,177,0.07468564201824587,1.1553203175117799
45,0.1,0.25,3.0,177,0.05732616610039059,1.1152599536425236
45,0.1,0.35,1.0,177,0.013239669026984577,1.0350191268126312
45,0.1,0.35,1.5,177,0.03344788222304068,1.0846741521782974
45,0.1,0.35,2.0,177,0.02623175159012048,1.064858086256102
45,0.1,0.35,3.0,177,0.06335800497573824,1.1566528616136567
45,0.15,0.15,1.0,116,-0.0726914480565137,0.8570812207702443
45,0.15,0.15,1.5,116,0.011798078083291884,1.0210550316563365
45,0.15,0.15,2.0,116,0.10896301348413988,1.1848192022464612
45,0.15,0.15,3.0,116,0.17568300738415665,1.2703188691256249
45,0.15,0.25,1.0,116,0.08162619276696863,1.1996817400882844
45,0.15,0.25,1.5,116,0.12030281515905862,1.2603096872127408
45,0.15,0.25,2.0,116,0.12270968945754063,1.2514466908706434
45,0.15,0.25,3.0,116,0.09274327639602259,1.1807106192025547
45,0.15,0.35,1.0,116,0.0322584200101495,1.0827343522112682
45,0.15,0.35,1.5,116,0.05916026435485998,1.142292333876966
45,0.15,0.35,2.0,116,0.03852323122340423,1.089556842584918
45,0.15,0.35,3.0,116,0.09893369427787031,1.229996005096394
45,0.2,0.15,1.0,79,-0.06760111790867904,0.8664877921303589
45,0.2,0.15,1.5,79,0.038051206199767,1.0683192111314
45,0.2,0.15,2.0,79,0.09777959552392863,1.163001789203246
45,0.2,0.15,3.0,79,0.17258212498907846,1.265306411918993
45,0.2,0.25,1.0,79,0.1714133613299387,1.4704662925993122
45,0.2,0.25,1.5,79,0.18077136872782024,1.4203423978851228
45,0.2,0.25,2.0,79,0.18515161180541045,1.4182179038319769
45,0.2,0.25,3.0,79,0.16000255845974085,1.3395663479426316
45,0.2,0.35,1.0,79,0.06899331504667425,1.1847512554766895
45,0.2,0.35,1.5,79,0.10545265382361059,1.27312464216924
45,0.2,0.35,2.0,79,0.08246860359443042,1.2056318020955556
45,0.2,0.35,3.0,79,0.1640629559759013,1.409083697601578
60,0.1,0.15,1.0,188,-0.012196418638547778,0.9742608544414182
60,0.1,0.15,1.5,188,0.01822286647227555,1.0334819784186482
60,0.1,0.15,2.0,188,0.0717544982597546,1.125567337028909
60,0.1,0.15,3.0,188,0.06059866172201272,1.099926544982395
60,0.1,0.25,1.0,188,0.058311173970692555,1.1487086347237967
60,0.1,0.25,1.5,188,0.08576307332545215,1.1988399853066776
60,0.1,0.25,2.0,188,0.09674418994369656,1.2185870580380265
60,0.1,0.25,3.0,188,0.11972353595474348,1.2685392342313582
60,0.1,0.35,1.0,188,0.07138579496795153,1.2096644864087167
60,0.1,0.35,1.5,188,0.0638275634264285,1.1773266886979254
60,0.1,0.35,2.0,188,0.07605237631061387,1.209919019940751
60,0.1,0.35,3.0,188,0.08221257637705817,1.2269223434832721
60,0.15,0.15,1.0,126,-0.047335250039732636,0.9039315494291514
60,0.15,0.15,1.5,126,0.01582033840207352,1.0288111227627268
60,0.15,0.15,2.0,126,0.03831251283926745,1.0651147403350538
60,0.15,0.15,3.0,126,0.04914966155543583,1.0782554213936497
60,0.15,0.25,1.0,126,0.03523924475947059,1.0864752832988063
60,0.15,0.25,1.5,126,0.06879166155838617,1.1510633269724804
60,0.15,0.25,2.0,126,0.05797495588615828,1.123022224956694
60,0.15,0.25,3.0,126,0.09628677445126527,1.2022424294076317
60,0.15,0.35,1.0,126,0.034152522884798746,1.0928994386794197
60,0.15,0.35,1.5,126,0.019150746354092876,1.0494954750859755
60,0.15,0.35,2.0,126,0.0288374974561162,1.0738615712811548
60,0.15,0.35,3.0,126,0.06715628647617379,1.172007603922147
60,0.2,0.15,1.0,93,-0.07300407569417645,0.8558005398303484
60,0.2,0.15,1.5,93,-0.023417584111079078,0.9590534401220959
60,0.2,0.15,2.0,93,0.019275434418277285,1.0320355369898149
60,0.2,0.15,3.0,93,0.02578012785566501,1.0399877966488789
60,0.2,0.25,1.0,93,0.03241151867961666,1.0761989793476847
60,0.2,0.25,1.5,93,0.0919421611597885,1.1973735952930755
60,0.2,0.25,2.0,93,0.07716172554181432,1.1583345570961263
60,0.2,0.25,3.0,93,0.11027189965879206,1.223271877672545
60,0.2,0.35,1.0,93,0.027021358423244914,1.0686745483836249
60,0.2,0.35,1.5,93,0.019316726721674726,1.046421565151849
60,0.2,0.35,2.0,93,0.024726058318644863,1.0587502946331389
60,0.2,0.35,3.0,93,0.07935654076330918,1.1885549281987875
