trade_date,side,entry_time,entry_price,stop,target,units,risk_usd,tag,reason,exit_time,exit_price,exit_reason,costs_usd,swap_usd,pnl_usd,r_multiple,equity_after
2024-10-08,1,2024-10-08 15:45:00+00:00,2610.45498,2602.7015709318184,2637.4239047904775,125.0,997.3011335226829,vwap_fade,VWAP fade: close 2610.31 is 27.11 (0.90x ATR) below session VWAP 2637.42 and turning,2024-10-08 20:00:00+00:00,2622.76499,session_end,56.24999999999999,0.0,1538.7512500000184,1.5429153725764022,101538.75125000002
2024-10-11,-1,2024-10-11 15:45:00+00:00,2658.39512,2666.2244073035713,2644.7249534857147,126.0,1014.8402002499552,vwap_fade,VWAP fade: close 2658.52 is 13.80 (0.45x ATR) above session VWAP 2644.72 and turning,2024-10-11 20:00:00+00:00,2656.5751,session_end,56.699999999999996,0.0,229.32252000001426,0.22596909340360397,101768.07377000003
2024-10-15,-1,2024-10-15 16:30:00+00:00,2665.89512,2673.6211924821428,2654.777022570175,127.0,1009.786205232102,vwap_fade,VWAP fade: close 2665.81 is 11.03 (0.37x ATR) above session VWAP 2654.78 and turning,2024-10-15 20:00:00+00:00,2662.06509,session_end,57.14999999999999,0.0,486.41381000001,0.4816997969270203,102254.48758000004
2024-10-21,1,2024-10-21 15:30:00+00:00,2722.21499,2714.7119575,2732.8884325098043,132.0,1020.1002899999603,vwap_fade,VWAP fade: close 2722.06 is 10.83 (0.37x ATR) below session VWAP 2732.89 and turning,2024-10-21 19:00:00+00:00,2714.4869575000002,stop,59.39999999999999,0.0,-1020.1002899999603,-1.0,101234.38729000009
2024-10-23,1,2024-10-23 13:30:00+00:00,2739.285059,2731.897208642857,2750.6317951410256,132.0,1004.8962471428276,vwap_fade,VWAP fade: close 2739.41 is 11.22 (0.39x ATR) below session VWAP 2750.63 and turning,2024-10-23 13:30:00+00:00,2731.672208642857,stop,59.39999999999999,0.0,-1004.8962471428276,-1.0,100229.49104285726
2024-10-23,1,2024-10-23 14:00:00+00:00,2737.3849099999998,2729.997059642857,2749.6419037023807,132.0,1004.8962471428276,vwap_fade,VWAP fade: close 2737.49 is 12.15 (0.42x ATR) below session VWAP 2749.64 and turning,2024-10-23 14:00:00+00:00,2729.772059642857,stop,59.39999999999999,0.0,-1004.8962471428276,-1.0,99224.59479571444
2024-10-23,1,2024-10-23 15:30:00+00:00,2712.95498,2705.5671296428573,2744.4521579313723,132.0,1004.8962471428276,vwap_fade,VWAP fade: close 2712.62 is 31.83 (1.11x ATR) below session VWAP 2744.45 and turning,2024-10-23 20:00:00+00:00,2715.9649400000003,session_end,59.39999999999999,0.0,397.31472000004214,0.3953788474478909,99621.90951571448
2024-10-25,-1,2024-10-25 15:00:00+00:00,2738.33506,2746.017919642857,2726.043642510417,125.0,988.4824553571434,vwap_fade,VWAP fade: close 2738.65 is 12.61 (0.42x ATR) above session VWAP 2726.04 and turning,2024-10-25 20:00:00+00:00,2742.8251,session_end,56.24999999999999,0.0,-561.2550000000169,-0.5677945996494523,99060.65451571446
2024-10-29,-1,2024-10-29 15:15:00+00:00,2766.7149400000003,2774.0735110714286,2755.0289656666673,130.0,985.8642392856655,vwap_fade,VWAP fade: close 2767.02 is 11.99 (0.42x ATR) above session VWAP 2755.03 and turning,2024-10-29 19:00:00+00:00,2774.2985110714285,stop,58.49999999999999,0.0,-985.8642392856655,-1.0,98074.79027642879
2024-10-31,1,2024-10-31 15:30:00+00:00,2739.45498,2731.9683746250003,2769.5780056444437,127.0,979.3738826249537,vwap_fade,VWAP fade: close 2739.36 is 30.22 (1.04x ATR) below session VWAP 2769.58 and turning,2024-10-31 20:00:00+00:00,2746.3450700000003,session_end,57.14999999999999,0.0,875.0414300000416,0.8934702522949903,98949.83170642883
2024-11-01,1,2024-11-01 18:00:00+00:00,2736.49502,2728.5582323035715,2749.6959083916663,121.0,987.5763112678233,vwap_fade,VWAP fade: close 2736.38 is 13.32 (0.43x ATR) below session VWAP 2749.70 and turning,2024-11-01 20:00:00+00:00,2734.08506,session_end,54.449999999999996,0.0,-291.6051599999946,-0.29527354663422406,98658.22654642884
2024-11-06,1,2024-11-06 12:15:00+00:00,2707.70498,2699.949976767857,2720.233336235294,123.0,981.5403975535564,vwap_fade,VWAP fade: close 2707.47 is 12.76 (0.42x ATR) below session VWAP 2720.23 and turning,2024-11-06 12:15:00+00:00,2699.7249767678572,stop,55.349999999999994,0.0,-981.5403975535564,-1.0,97676.68614887528
2024-11-06,1,2024-11-06 12:45:00+00:00,2700.36489,2692.609886767857,2718.18877645614,123.0,981.5403975535564,vwap_fade,VWAP fade: close 2700.77 is 17.42 (0.58x ATR) below session VWAP 2718.19 and turning,2024-11-06 13:00:00+00:00,2692.384886767857,stop,55.349999999999994,0.0,-981.5403975535564,-1.0,96695.14575132172
2024-11-06,1,2024-11-06 14:00:00+00:00,2664.275049,2656.520045767857,2709.8862542638885,123.0,981.5403975535564,vwap_fade,VWAP fade: close 2664.27 is 45.62 (1.51x ATR) below session VWAP 2709.89 and turning,2024-11-06 14:30:00+00:00,2656.295045767857,stop,55.349999999999994,0.0,-981.5403975535564,-1.0,95713.60535376816
2024-11-07,-1,2024-11-07 14:15:00+00:00,2683.45493,2692.5258250178567,2668.26145808,102.0,948.18129182139,vwap_fade,VWAP fade: close 2683.49 is 15.23 (0.43x ATR) above session VWAP 2668.26 and turning,2024-11-07 14:30:00+00:00,2692.7508250178566,stop,45.9,0.0,-948.18129182139,-1.0,94765.42406194677
2024-11-07,-1,2024-11-07 15:45:00+00:00,2698.51499,2707.585885017857,2673.1723577741936,102.0,948.18129182139,vwap_fade,VWAP fade: close 2698.81 is 25.64 (0.72x ATR) above session VWAP 2673.17 and turning,2024-11-07 20:15:00+00:00,2707.810885017857,stop,45.9,0.0,-948.18129182139,-1.0,93817.24277012539
2024-11-11,1,2024-11-11 15:00:00+00:00,2622.7750499999997,2612.989511767857,2657.7461955357144,93.0,930.9800555892625,vwap_fade,VWAP fade: close 2622.35 is 35.40 (0.93x ATR) below session VWAP 2657.75 and turning,2024-11-11 16:00:00+00:00,2612.764511767857,stop,41.849999999999994,0.0,-930.9800555892625,-1.0,92886.26271453613
2024-11-11,1,2024-11-11 16:15:00+00:00,2615.45498,2605.6694417678573,2651.7537435656564,93.0,930.9800555892625,vwap_fade,VWAP fade: close 2615.27 is 36.48 (0.95x ATR) below session VWAP 2651.75 and turning,2024-11-11 21:00:00+00:00,2622.2149400000003,session_end,41.849999999999994,0.0,628.6762800000297,0.675284369655062,93514.93899453616
2024-11-13,1,2024-11-13 17:45:00+00:00,2582.3849099999998,2572.014197303571,2604.7550306068374,88.0,932.4227172857136,vwap_fade,VWAP fade: close 2582.16 is 22.60 (0.56x ATR) below session VWAP 2604.76 and turning,2024-11-13 21:00:00+00:00,2573.5950700000003,session_end,39.599999999999994,0.0,-773.5059199999523,-0.8295657169868526,92741.43307453621
2024-11-14,-1,2024-11-14 16:45:00+00:00,2574.4649400000003,2585.1588643035716,2556.4034248095236,84.0,917.189641499981,vwap_fade,VWAP fade: close 2574.89 is 18.49 (0.44x ATR) above session VWAP 2556.40 and turning,2024-11-14 21:00:00+00:00,2567.67495,session_end,37.8,0.0,570.3591600000182,0.6218552131348182,93311.79223453623
2024-11-20,-1,2024-11-20 15:30:00+00:00,2645.58506,2656.931131928571,2629.7507784777786,80.0,925.685754285696,vwap_fade,VWAP fade: close 2646.02 is 16.27 (0.37x ATR) above session VWAP 2629.75 and turning,2024-11-20 21:00:00+00:00,2649.315088,session_end,36.0,0.0,-298.4022399999958,-0.322358034158425,93013.38999453624
2024-11-25,1,2024-11-25 15:00:00+00:00,2641.95498,2630.5105150357144,2673.4369130595237,79.0,921.8877321785508,vwap_fade,VWAP fade: close 2641.40 is 32.04 (0.71x ATR) below session VWAP 2673.44 and turning,2024-11-25 15:15:00+00:00,2630.2855150357145,stop,35.55,0.0,-921.8877321785508,-1.0,92091.50226235768
2024-11-25,1,2024-11-25 15:30:00+00:00,2637.8251,2626.3806350357145,2670.8904543000003,79.0,921.8877321785508,vwap_fade,VWAP fade: close 2636.91 is 33.98 (0.76x ATR) below session VWAP 2670.89 and turning,2024-11-25 15:45:00+00:00,2626.1556350357146,stop,35.55,0.0,-921.8877321785508,-1.0,91169.61453017913
2024-11-25,1,2024-11-25 16:15:00+00:00,2631.60488,2620.1604150357143,2667.3262706767678,79.0,921.8877321785508,vwap_fade,VWAP fade: close 2631.44 is 35.89 (0.80x ATR) below session VWAP 2667.33 and turning,2024-11-25 18:15:00+00:00,2619.9354150357144,stop,35.55,0.0,-921.8877321785508,-1.0,90247.72679800057
2024-12-05,1,2024-12-05 18:00:00+00:00,2628.3251,2618.8891971785715,2643.6803364666666,93.0,898.463962392842,vwap_fade,VWAP fade: close 2628.10 is 15.58 (0.42x ATR) below session VWAP 2643.68 and turning,2024-12-05 21:00:00+00:00,2631.1251,session_end,41.849999999999994,0.0,260.4000000000169,0.2898279852054437,90508.1267980006
2024-12-09,-1,2024-12-09 15:30:00+00:00,2672.08506,2681.4384607142856,2658.3088838444446,94.0,900.3696671428497,vwap_fade,VWAP fade: close 2672.34 is 14.03 (0.38x ATR) above session VWAP 2658.31 and turning,2024-12-09 20:00:00+00:00,2658.483883844445,target,37.599999999999994,0.0,1278.510558622179,1.4199840413097065,91786.63735662277
2024-12-10,-1,2024-12-10 15:00:00+00:00,2689.1251,2698.8322473214284,2672.8047541428573,92.0,913.7575535713895,vwap_fade,VWAP fade: close 2688.80 is 16.00 (0.42x ATR) above session VWAP 2672.80 and turning,2024-12-10 21:00:00+00:00,2692.0751,session_end,41.4,0.0,-271.39999999998327,-0.29701532856196466,91515.23735662279
2024-12-11,-1,2024-12-11 15:30:00+00:00,2711.2149400000003,2720.9415532142857,2697.0263262777785,91.0,905.5968024999638,vwap_fade,VWAP fade: close 2711.89 is 14.86 (0.39x ATR) above session VWAP 2697.03 and turning,2024-12-11 18:15:00+00:00,2721.1665532142856,stop,40.949999999999996,0.0,-905.5968024999638,-1.0,90609.64055412283
2024-12-11,-1,2024-12-11 18:45:00+00:00,2716.41489,2726.1415032142854,2702.9220149457365,91.0,905.5968024999638,vwap_fade,VWAP fade: close 2716.56 is 13.64 (0.36x ATR) above session VWAP 2702.92 and turning,2024-12-11 21:00:00+00:00,2717.5350599999997,session_end,40.949999999999996,0.0,-101.9354699999717,-0.11256164964206107,90507.70508412286
2024-12-12,1,2024-12-12 15:00:00+00:00,2686.56509,2676.4636600000003,2708.525704166667,87.0,898.3994099999668,vwap_fade,VWAP fade: close 2686.60 is 21.93 (0.55x ATR) below session VWAP 2708.53 and turning,2024-12-12 15:30:00+00:00,2676.2386600000004,stop,39.15,0.0,-898.3994099999668,-1.0,89609.3056741229
2024-12-12,1,2024-12-12 16:00:00+00:00,2679.98501,2669.88358,2705.18686125,87.0,898.3994099999668,vwap_fade,VWAP fade: close 2679.70 is 25.49 (0.65x ATR) below session VWAP 2705.19 and turning,2024-12-12 21:00:00+00:00,2679.68491,session_end,39.15,0.0,-26.10869999999386,-0.029061350340818706,89583.1969741229
2024-12-19,1,2024-12-19 13:30:00+00:00,2603.3251,2593.90705875,2616.3986220909096,92.0,887.1597949999905,vwap_fade,VWAP fade: close 2602.96 is 13.44 (0.37x ATR) below session VWAP 2616.40 and turning,2024-12-19 14:45:00+00:00,2593.68205875,stop,41.4,0.0,-887.1597949999905,-1.0,88696.03717912291
2024-12-19,1,2024-12-19 15:15:00+00:00,2592.8251,2583.40705875,2611.703674850575,92.0,887.1597949999905,vwap_fade,VWAP fade: close 2592.65 is 19.05 (0.52x ATR) below session VWAP 2611.70 and turning,2024-12-19 21:00:00+00:00,2596.55503,session_end,41.4,0.0,343.153559999997,0.3868001705374855,89039.1907391229
2024-12-20,-1,2024-12-20 16:15:00+00:00,2627.01499,2636.629276607143,2609.282421252525,90.0,885.5357946428376,vwap_fade,VWAP fade: close 2627.48 is 18.20 (0.48x ATR) above session VWAP 2609.28 and turning,2024-12-20 21:00:00+00:00,2623.3251,session_end,40.49999999999999,0.0,332.09010000000944,0.37501600952669684,89371.28083912292
2025-01-02,-1,2025-01-02 17:15:00+00:00,2658.825049,2667.7261313214285,2644.247849099099,97.0,885.2299851785533,vwap_fade,VWAP fade: close 2659.15 is 14.90 (0.43x ATR) above session VWAP 2644.25 and turning,2025-01-02 21:00:00+00:00,2660.0751,session_end,43.65,0.0,-121.25494699999854,-0.1369756436521308,89250.02589212293
2025-01-07,-1,2025-01-07 14:15:00+00:00,2658.25498,2666.4164208928573,2647.616936839999,106.0,888.9627346428506,vwap_fade,VWAP fade: close 2658.77 is 11.15 (0.35x ATR) above session VWAP 2647.62 and turning,2025-01-07 15:00:00+00:00,2647.7919368399994,target,42.39999999999999,0.0,1109.0825749600826,1.2476142494383269,90359.108467083
2025-01-08,-1,2025-01-08 17:15:00+00:00,2669.1150900000002,2677.4615284285715,2657.0841516216215,105.0,900.0010349999684,vwap_fade,VWAP fade: close 2669.32 is 12.24 (0.38x ATR) above session VWAP 2657.08 and turning,2025-01-08 17:30:00+00:00,2657.2591516216216,target,42.0,0.0,1244.8735297297526,1.3831912201409817,91603.98199681276
2025-01-10,-1,2025-01-10 17:15:00+00:00,2696.00498,2703.5239123571428,2683.2557624594606,118.0,913.7840181428164,vwap_fade,VWAP fade: close 2696.20 is 12.94 (0.44x ATR) above session VWAP 2683.26 and turning,2025-01-10 21:00:00+00:00,2690.83511,session_end,53.099999999999994,0.0,610.0446600000205,0.6676026805982898,92214.02665681277
2025-01-13,1,2025-01-13 13:30:00+00:00,2669.6349099999998,2662.2791899642857,2680.34383955,121.0,917.2671243213899,vwap_fade,VWAP fade: close 2669.52 is 10.82 (0.38x ATR) below session VWAP 2680.34 and turning,2025-01-13 15:45:00+00:00,2662.054189964286,stop,54.449999999999996,0.0,-917.2671243213899,-1.0,91296.75953249139
2025-01-13,1,2025-01-13 17:15:00+00:00,2662.60488,2655.249159964286,2674.4269554380953,121.0,917.2671243213899,vwap_fade,VWAP fade: close 2662.36 is 12.07 (0.42x ATR) below session VWAP 2674.43 and turning,2025-01-13 21:00:00+00:00,2662.08506,session_end,54.449999999999996,0.0,-62.898219999997764,-0.06857132271750277,91233.86131249138
2025-01-16,-1,2025-01-16 18:00:00+00:00,2721.69492,2729.127784142857,2710.771515133333,119.0,911.2858329999654,vwap_fade,VWAP fade: close 2721.85 is 11.08 (0.38x ATR) above session VWAP 2710.77 and turning,2025-01-16 21:00:00+00:00,2716.1349099999998,session_end,53.55,0.0,661.6411900000176,0.7260523164525512,91895.5025024914
2025-01-21,-1,2025-01-21 15:15:00+00:00,2736.6251,2743.966886464286,2725.203453344827,121.0,915.5811621785506,vwap_fade,VWAP fade: close 2736.71 is 11.51 (0.40x ATR) above session VWAP 2725.20 and turning,2025-01-21 16:15:00+00:00,2744.1918864642857,stop,54.449999999999996,0.0,-915.5811621785506,-1.0,90979.92134031285
2025-01-21,-1,2025-01-21 17:15:00+00:00,2742.775,2750.1167864642857,2728.4204496486486,121.0,915.5811621785506,vwap_fade,VWAP fade: close 2743.01 is 14.59 (0.51x ATR) above session VWAP 2728.42 and turning,2025-01-21 21:00:00+00:00,2742.7850599999997,session_end,54.449999999999996,0.0,-1.2172599999530576,-0.0013294943695179211,90978.7040803129
2025-01-27,1,2025-01-27 15:30:00+00:00,2743.285059,2736.066847017857,2760.1006588777773,122.0,908.0718618214041,vwap_fade,VWAP fade: close 2743.22 is 16.88 (0.60x ATR) below session VWAP 2760.10 and turning,2025-01-27 16:45:00+00:00,2735.841847017857,stop,54.89999999999999,0.0,-908.0718618214041,-1.0,90070.6322184915
2025-01-27,1,2025-01-27 17:30:00+00:00,2736.0350599999997,2728.816848017857,2755.5677979561397,122.0,908.0718618214041,vwap_fade,VWAP fade: close 2735.69 is 19.88 (0.71x ATR) below session VWAP 2755.57 and turning,2025-01-27 21:00:00+00:00,2741.06504,session_end,54.89999999999999,0.0,613.6575600000306,0.675780833874932,90684.28977849154
2025-01-28,-1,2025-01-28 16:45:00+00:00,2757.18491,2764.5965162321427,2746.947897828571,118.0,901.1195353928315,vwap_fade,VWAP fade: close 2757.39 is 10.44 (0.36x ATR) above session VWAP 2746.95 and turning,2025-01-28 19:30:00+00:00,2764.8215162321426,stop,53.099999999999994,0.0,-901.1195353928315,-1.0,89783.1702430987
2025-01-30,-1,2025-01-30 15:30:00+00:00,2789.6251,2797.1172510357146,2779.254776822222,116.0,895.1895201428615,vwap_fade,VWAP fade: close 2789.77 is 10.52 (0.36x ATR) above session VWAP 2779.25 and turning,2025-01-30 16:00:00+00:00,2797.3422510357145,stop,52.199999999999996,0.0,-895.1895201428615,-1.0,88887.98072295585
2025-01-30,-1,2025-01-30 16:15:00+00:00,2793.74497,2801.2371210357146,2780.549594888889,116.0,895.1895201428615,vwap_fade,VWAP fade: close 2793.91 is 13.36 (0.46x ATR) above session VWAP 2780.55 and turning,2025-01-30 21:00:00+00:00,2795.8251,session_end,52.199999999999996,0.0,-241.29507999997986,-0.269546363725831,88646.68564295587
2025-02-03,-1,2025-02-03 14:30:00+00:00,2814.18491,2821.6054537142854,2801.9215368333334,115.0,879.2375271428205,vwap_fade,VWAP fade: close 2814.48 is 12.56 (0.44x ATR) above session VWAP 2801.92 and turning,2025-02-03 14:45:00+00:00,2821.8304537142853,stop,51.74999999999999,0.0,-879.2375271428205,-1.0,87767.44811581305
2025-02-03,-1,2025-02-03 15:15:00+00:00,2826.8751,2834.2956437142857,2804.157467735632,115.0,879.2375271428205,vwap_fade,VWAP fade: close 2826.94 is 22.78 (0.79x ATR) above session VWAP 2804.16 and turning,2025-02-03 21:00:00+00:00,2816.99502,session_end,51.74999999999999,0.0,1136.2092000000416,1.2922664978737646,88903.65731581309
2025-02-04,-1,2025-02-04 14:00:00+00:00,2831.49497,2839.6285526428574,2818.8676279861115,106.0,886.0097601428497,vwap_fade,VWAP fade: close 2831.71 is 12.84 (0.41x ATR) above session VWAP 2818.87 and turning,2025-02-04 14:30:00+00:00,2839.8535526428573,stop,47.699999999999996,0.0,-886.0097601428497,-1.0,88017.64755567024
2025-02-04,-1,2025-02-04 15:00:00+00:00,2839.7249500000003,2847.8585326428574,2821.412364690477,106.0,886.0097601428497,vwap_fade,VWAP fade: close 2839.49 is 18.08 (0.57x ATR) above session VWAP 2821.41 and turning,2025-02-04 21:00:00+00:00,2844.60488,session_end,47.699999999999996,0.0,-517.272579999958,-0.5838226656967742,87500.37497567027
2025-02-06,1,2025-02-06 15:15:00+00:00,2843.92495,2835.4702962857145,2858.853117402299,100.0,867.965371428545,vwap_fade,VWAP fade: close 2843.69 is 15.16 (0.46x ATR) below session VWAP 2858.85 and turning,2025-02-06 21:00:00+00:00,2856.41489,session_end,44.99999999999999,0.0,1248.9939999999933,1.4389905877746372,88749.36897567027
2025-02-07,-1,2025-02-07 16:00:00+00:00,2880.8751,2889.702608714286,2868.532514166668,98.0,887.1458539999812,vwap_fade,VWAP fade: close 2880.62 is 12.09 (0.35x ATR) above session VWAP 2868.53 and turning,2025-02-07 16:15:00+00:00,2868.7075141666683,target,39.199999999999996,0.0,1192.4234116665302,1.3441120265513358,89941.7923873368
2025-02-11,1,2025-02-11 13:30:00+00:00,2890.3749,2881.2357805714287,2903.650745363637,96.0,898.9554651428189,vwap_fade,VWAP fade: close 2889.76 is 13.89 (0.39x ATR) below session VWAP 2903.65 and turning,2025-02-11 14:30:00+00:00,2903.4757453636366,target,38.39999999999999,0.0,1257.6811549091362,1.3990472316771843,91199.47354224593
2025-02-12,-1,2025-02-12 17:30:00+00:00,2905.3650900000002,2915.2065322857143,2888.9243957719295,90.0,905.9798057142552,vwap_fade,VWAP fade: close 2905.73 is 16.81 (0.44x ATR) above session VWAP 2888.92 and turning,2025-02-12 21:00:00+00:00,2901.265039,session_end,40.49999999999999,0.0,369.0045900000314,0.4072989129256761,91568.47813224596
2025-02-14,1,2025-02-14 15:45:00+00:00,2905.67495,2895.5031550178574,2929.3598893655917,88.0,914.9179584285521,vwap_fade,VWAP fade: close 2905.37 is 23.99 (0.60x ATR) below session VWAP 2929.36 and turning,2025-02-14 16:15:00+00:00,2895.2781550178574,stop,39.599999999999994,0.0,-914.9179584285521,-1.0,90653.56017381742
2025-02-14,1,2025-02-14 17:00:00+00:00,2896.50503,2886.333235017857,2924.9214815555556,88.0,914.9179584285521,vwap_fade,VWAP fade: close 2896.03 is 28.89 (0.73x ATR) below session VWAP 2924.92 and turning,2025-02-14 17:30:00+00:00,2886.108235017857,stop,39.599999999999994,0.0,-914.9179584285521,-1.0,89738.64221538886
2025-02-14,1,2025-02-14 18:30:00+00:00,2886.9049299999997,2876.733135017857,2919.8514287142857,88.0,914.9179584285521,vwap_fade,VWAP fade: close 2886.27 is 33.58 (0.84x ATR) below session VWAP 2919.85 and turning,2025-02-14 21:00:00+00:00,2885.45493,session_end,39.599999999999994,0.0,-127.59999999998399,-0.13946605684639488,89611.04221538888
2025-02-20,1,2025-02-20 14:30:00+00:00,2929.67495,2918.9719050178574,2947.7540937435892,82.0,896.0996885356963,vwap_fade,VWAP fade: close 2929.50 is 18.25 (0.44x ATR) below session VWAP 2947.75 and turning,2025-02-20 21:00:00+00:00,2937.70493,session_end,36.9,0.0,658.4583599999833,0.7348048084649608,90269.50057538887
2025-02-25,1,2025-02-25 16:00:00+00:00,2906.1549299999997,2895.882248410714,2934.3170800625003,85.0,892.3029350892716,vwap_fade,VWAP fade: close 2905.84 is 28.48 (0.71x ATR) below session VWAP 2934.32 and turning,2025-02-25 16:00:00+00:00,2895.657248410714,stop,38.24999999999999,0.0,-892.3029350892716,-1.0,89377.1976402996
2025-02-25,1,2025-02-25 17:00:00+00:00,2896.68496,2886.4122784107144,2930.081018481482,85.0,892.3029350892716,vwap_fade,VWAP fade: close 2896.48 is 33.60 (0.84x ATR) below session VWAP 2930.08 and turning,2025-02-25 21:00:00+00:00,2912.64512,session_end,38.24999999999999,0.0,1356.6136000000074,1.5203509331326845,90733.8112402996
2025-02-26,1,2025-02-26 14:45:00+00:00,2895.60488,2884.9291614464287,2911.468131617284,83.0,904.759639946401,vwap_fade,VWAP fade: close 2895.19 is 16.28 (0.39x ATR) below session VWAP 2911.47 and turning,2025-02-26 15:15:00+00:00,2911.293131617284,target,33.199999999999996,0.0,1302.12488423458,1.439194264138174,92035.93612453419
2025-02-28,1,2025-02-28 15:15:00+00:00,2839.3251,2828.3084869464287,2856.6302365172414,81.0,910.5706573392672,vwap_fade,VWAP fade: close 2839.27 is 17.36 (0.40x ATR) below session VWAP 2856.63 and turning,2025-02-28 21:00:00+00:00,2854.49497,session_end,36.449999999999996,0.0,1228.759470000014,1.349438904159849,93264.6955945342
2025-03-03,-1,2025-03-03 17:00:00+00:00,2891.25498,2902.297842517857,2874.969624685186,82.0,923.9647264642645,vwap_fade,VWAP fade: close 2891.55 is 16.58 (0.38x ATR) above session VWAP 2874.97 and turning,2025-03-03 21:00:00+00:00,2890.9049299999997,session_end,36.9,0.0,28.704100000038125,0.031066229237862893,93293.39969453424
2025-03-05,1,2025-03-05 14:00:00+00:00,2900.3251,2889.7047358392856,2915.3994375555553,86.0,932.701317821432,vwap_fade,VWAP fade: close 2900.20 is 15.20 (0.37x ATR) below session VWAP 2915.40 and turning,2025-03-05 14:30:00+00:00,2915.224437555555,target,34.4,0.0,1281.3430297777404,1.373797812112727,94574.74272431197
2025-03-12,-1,2025-03-12 16:45:00+00:00,2935.33506,2945.8056047142854,2919.039520314286,88.0,941.2079348571206,vwap_fade,VWAP fade: close 2935.49 is 16.45 (0.40x ATR) above session VWAP 2919.04 and turning,2025-03-12 20:00:00+00:00,2931.56509,session_end,39.599999999999994,0.0,331.75735999998506,0.3524804113028937,94906.50008431196
2025-03-13,-1,2025-03-13 15:30:00+00:00,2971.6749,2982.2147327499997,2948.6573322111117,88.0,947.3052819999684,vwap_fade,VWAP fade: close 2971.89 is 23.23 (0.56x ATR) above session VWAP 2948.66 and turning,2025-03-13 16:30:00+00:00,2982.4397327499996,stop,39.599999999999994,0.0,-947.3052819999684,-1.0,93959.19480231199
2025-03-13,-1,2025-03-13 17:00:00+00:00,2980.15488,2990.69471275,2953.6318539722224,88.0,947.3052819999684,vwap_fade,VWAP fade: close 2980.24 is 26.61 (0.64x ATR) above session VWAP 2953.63 and turning,2025-03-13 20:00:00+00:00,2983.35488,session_end,39.599999999999994,0.0,-281.599999999984,-0.29726425614925833,93677.594802312
2025-03-21,1,2025-03-21 14:30:00+00:00,3008.36489,2999.1813108571428,3028.9306325000002,99.0,931.4493351428409,vwap_fade,VWAP fade: close 3008.37 is 20.56 (0.57x ATR) below session VWAP 3028.93 and turning,2025-03-21 20:00:00+00:00,3019.815039,session_end,44.55,0.0,1133.5647510000235,1.2169902411559375,94811.15955331203
2025-03-24,1,2025-03-24 15:00:00+00:00,3012.54507,3003.1516694285715,3025.0004646071425,98.0,942.6032559999967,vwap_fade,VWAP fade: close 3012.16 is 12.84 (0.35x ATR) below session VWAP 3025.00 and turning,2025-03-24 18:00:00+00:00,3002.9266694285716,stop,44.099999999999994,0.0,-942.6032559999967,-1.0,93868.55629731202
2025-03-27,-1,2025-03-27 10:45:00+00:00,3052.39512,3061.120119982143,3039.9624471212114,104.0,930.7999981428511,vwap_fade,VWAP fade: close 3052.54 is 12.58 (0.37x ATR) above session VWAP 3039.96 and turning,2025-03-27 13:15:00+00:00,3040.1374471212116,target,41.599999999999994,0.0,1274.7979793940067,1.369572391424051,95143.35427670603
2025-04-01,1,2025-04-01 16:30:00+00:00,3108.17495,3099.2322725178574,3129.906399745614,103.0,944.2707806606886,vwap_fade,VWAP fade: close 3107.92 is 21.99 (0.63x ATR) below session VWAP 3129.91 and turning,2025-04-01 20:00:00+00:00,3118.45493,session_end,46.349999999999994,0.0,1058.837939999979,1.1213287138453334,96202.19221670601
2025-04-03,1,2025-04-03 11:15:00+00:00,3098.69497,3089.8188993214285,3120.6178480980393,105.0,955.6124212500004,vwap_fade,VWAP fade: close 3098.12 is 22.50 (0.65x ATR) below session VWAP 3120.62 and turning,2025-04-03 11:30:00+00:00,3089.5938993214286,stop,47.24999999999999,0.0,-955.6124212500004,-1.0,95246.57979545601
2025-04-03,1,2025-04-03 12:00:00+00:00,3094.0751,3085.1990293214285,3116.4260091833335,105.0,955.6124212500004,vwap_fade,VWAP fade: close 3093.18 is 23.25 (0.67x ATR) below session VWAP 3116.43 and turning,2025-04-03 12:15:00+00:00,3084.9740293214286,stop,47.24999999999999,0.0,-955.6124212500004,-1.0,94290.96737420601
2025-04-03,1,2025-04-03 13:00:00+00:00,3076.59512,3067.7190493214284,3110.180565847222,105.0,955.6124212500004,vwap_fade,VWAP fade: close 3076.44 is 33.74 (0.98x ATR) below session VWAP 3110.18 and turning,2025-04-03 13:00:00+00:00,3067.4940493214285,stop,47.24999999999999,0.0,-955.6124212500004,-1.0,93335.35495295601
2025-04-04,-1,2025-04-04 11:00:00+00:00,3110.4649400000003,3120.895297107143,3094.539784458333,87.0,927.0160683214117,vwap_fade,VWAP fade: close 3110.45 is 15.91 (0.39x ATR) above session VWAP 3094.54 and turning,2025-04-04 11:00:00+00:00,3121.120297107143,stop,39.15,0.0,-927.0160683214117,-1.0,92408.3388846346
2025-04-04,-1,2025-04-04 11:30:00+00:00,3127.31504,3137.7453971071427,3098.262586555555,87.0,927.0160683214117,vwap_fade,VWAP fade: close 3127.46 is 29.20 (0.72x ATR) above session VWAP 3098.26 and turning,2025-04-04 11:45:00+00:00,3098.4375865555553,target,34.8,0.0,2512.338449666685,2.710134738242332,94920.67733430129
2025-04-04,1,2025-04-04 13:15:00+00:00,3082.4049299999997,3071.974572892857,3097.1733265733333,87.0,927.0160683214117,vwap_fade,VWAP fade: close 3082.43 is 14.74 (0.36x ATR) below session VWAP 3097.17 and turning,2025-04-04 13:30:00+00:00,3071.749572892857,stop,39.15,0.0,-927.0160683214117,-1.0,93993.66126597988
2025-04-07,1,2025-04-07 15:30:00+00:00,2987.33511,2975.1104630714285,3023.188624784314,75.0,933.7235196428537,vwap_fade,VWAP fade: close 2987.10 is 36.09 (0.75x ATR) below session VWAP 3023.19 and turning,2025-04-07 16:45:00+00:00,2974.8854630714286,stop,33.75,0.0,-933.7235196428537,-1.0,93059.93774633703
2025-04-07,1,2025-04-07 17:45:00+00:00,2968.71499,2956.4903430714285,3013.1426347596894,75.0,933.7235196428537,vwap_fade,VWAP fade: close 2968.31 is 44.83 (0.93x ATR) below session VWAP 3013.14 and turning,2025-04-07 20:00:00+00:00,2976.1150900000002,session_end,33.75,0.0,555.007500000022,0.5944023989160202,93614.94524633705
2025-04-08,1,2025-04-08 17:00:00+00:00,2986.36489,2973.0688145,3007.061004608333,69.0,932.9542094999879,vwap_fade,VWAP fade: close 2986.09 is 20.97 (0.40x ATR) below session VWAP 3007.06 and turning,2025-04-08 20:00:00+00:00,2984.78501,session_end,31.049999999999997,0.0,-109.0117199999845,-0.11684573464587163,93505.93352633707
2025-04-09,-1,2025-04-09 14:15:00+00:00,3075.13511,3088.7631469464286,3050.9616081034483,67.0,928.1534754106992,vwap_fade,VWAP fade: close 3073.98 is 23.02 (0.43x ATR) above session VWAP 3050.96 and turning,2025-04-09 16:00:00+00:00,3088.9881469464285,stop,30.15,0.0,-928.1534754106992,-1.0,92577.78005092638
2025-04-09,-1,2025-04-09 16:30:00+00:00,3085.88511,3099.5131469464286,3058.034565201754,67.0,928.1534754106992,vwap_fade,VWAP fade: close 3086.04 is 28.01 (0.52x ATR) above session VWAP 3058.03 and turning,2025-04-09 17:30:00+00:00,3058.2095652017542,target,26.799999999999997,0.0,1854.2615014824778,1.9977962164737728,94432.04155240886
2025-04-10,-1,2025-04-10 15:45:00+00:00,3167.43491,3182.808125160714,3125.129898819047,60.0,935.8929096428437,vwap_fade,VWAP fade: close 3168.25 is 43.12 (0.71x ATR) above session VWAP 3125.13 and turning,2025-04-10 20:00:00+00:00,3171.255029,session_end,26.999999999999996,0.0,-229.20713999999862,-0.2449074436171002,94202.83441240886
2025-04-21,-1,2025-04-21 14:30:00+00:00,3425.415,3442.540000892857,3400.24288888889,54.0,936.9000482142656,vwap_fade,VWAP fade: close 3426.35 is 26.11 (0.39x ATR) above session VWAP 3400.24 and turning,2025-04-21 20:00:00+00:00,3423.735,session_end,24.299999999999997,0.0,90.71999999999116,0.09682996619853287,94293.55441240885
2025-04-22,1,2025-04-22 14:00:00+00:00,3418.495,3400.1201785714284,3453.472738095238,50.0,929.9910714285716,vwap_fade,VWAP fade: close 3418.46 is 35.01 (0.48x ATR) below session VWAP 3453.47 and turning,2025-04-22 16:30:00+00:00,3399.8951785714285,stop,22.499999999999996,0.0,-929.9910714285716,-1.0,93363.56334098028
2025-04-22,1,2025-04-22 17:00:00+00:00,3405.625,3387.2501785714285,3443.779083333334,50.0,929.9910714285716,vwap_fade,VWAP fade: close 3405.30 is 38.48 (0.53x ATR) below session VWAP 3443.78 and turning,2025-04-22 18:45:00+00:00,3387.0251785714286,stop,22.499999999999996,0.0,-929.9910714285716,-1.0,92433.57226955172
2025-04-23,1,2025-04-23 14:30:00+00:00,3290.825,3271.24285375,3332.666666666666,46.0,911.1287274999877,vwap_fade,VWAP fade: close 3289.40 is 43.27 (0.56x ATR) below session VWAP 3332.67 and turning,2025-04-23 20:00:00+00:00,3308.675,session_end,20.7,0.0,821.1000000000167,0.9011898925116789,93254.67226955174
2025-04-28,-1,2025-04-28 15:00:00+00:00,3325.775,3347.4514298392855,3292.012395833333,42.0,919.860053249985,vwap_fade,VWAP fade: close 3326.30 is 34.29 (0.40x ATR) above session VWAP 3292.01 and turning,2025-04-28 18:15:00+00:00,3347.6764298392854,stop,18.9,0.0,-919.860053249985,-1.0,92334.81221630175
2025-05-05,-1,2025-05-05 10:45:00+00:00,3313.8250000000003,3332.230539821429,3285.2011111111115,49.0,912.8964512499992,vwap_fade,VWAP fade: close 3313.86 is 28.66 (0.39x ATR) above session VWAP 3285.20 and turning,2025-05-05 19:15:00+00:00,3332.455539821429,stop,22.049999999999997,0.0,-912.8964512499992,-1.0,91421.91576505176
2025-05-06,-1,2025-05-06 18:00:00+00:00,3413.835,3432.8757166071427,3387.4611363636373,47.0,905.4886805357032,vwap_fade,VWAP fade: close 3413.88 is 26.42 (0.35x ATR) above session VWAP 3387.46 and turning,2025-05-06 20:00:00+00:00,3423.095,session_end,21.15,0.0,-435.2199999999889,-0.4806465385547448,90986.69576505177
2025-05-08,1,2025-05-08 16:30:00+00:00,3311.6349999999998,3290.7476785714284,3344.797105263158,43.0,907.8298214285637,vwap_fade,VWAP fade: close 3311.38 is 33.42 (0.40x ATR) below session VWAP 3344.80 and turning,2025-05-08 19:15:00+00:00,3290.5226785714285,stop,19.349999999999998,0.0,-907.8298214285637,-1.0,90078.86594362321
2025-05-14,1,2025-05-14 13:30:00+00:00,3184.6949999999997,3163.761964285714,3225.078333333333,42.0,888.6374999999989,vwap_fade,VWAP fade: close 3186.62 is 38.46 (0.46x ATR) below session VWAP 3225.08 and turning,2025-05-14 20:00:00+00:00,3180.295,session_end,18.9,0.0,-184.79999999998472,-0.20795881335188415,89894.06594362322
2025-05-15,-1,2025-05-15 15:45:00+00:00,3213.355,3234.2776785714286,3177.4523809523803,42.0,888.2024999999976,vwap_fade,VWAP fade: close 3213.57 is 36.12 (0.44x ATR) above session VWAP 3177.45 and turning,2025-05-15 20:00:00+00:00,3232.085,session_end,18.9,0.0,-786.6600000000008,-0.8856764082515,89107.40594362322
2025-05-16,1,2025-05-16 11:30:00+00:00,3171.735,3150.4894642857143,3201.7898148148147,41.0,880.2919642857132,vwap_fade,VWAP fade: close 3172.05 is 29.74 (0.35x ATR) below session VWAP 3201.79 and turning,2025-05-16 20:00:00+00:00,3192.295,session_end,18.45,0.0,842.9599999999978,0.957591383540565,89950.36594362321
2025-05-20,-1,2025-05-20 15:15:00+00:00,3278.665,3300.2805357142856,3240.506161616162,41.0,895.4619642857087,vwap_fade,VWAP fade: close 3278.95 is 38.44 (0.45x ATR) above session VWAP 3240.51 and turning,2025-05-20 20:00:00+00:00,3294.335,session_end,18.45,0.0,-642.470000000003,-0.717473243559248,89307.89594362321
2025-06-05,1,2025-06-05 16:15:00+00:00,3350.435,3334.5667857142857,3379.7012588288285,55.0,885.1267857142761,vwap_fade,VWAP fade: close 3350.05 is 29.65 (0.47x ATR) below session VWAP 3379.70 and turning,2025-06-05 20:00:00+00:00,3357.395,session_end,24.749999999999996,0.0,382.800000000002,0.4324804154368592,89690.69594362321
2025-06-06,1,2025-06-06 14:45:00+00:00,3333.1949999999997,3317.9410714285714,3355.470970107527,57.0,882.2989285714098,vwap_fade,VWAP fade: close 3333.60 is 21.87 (0.36x ATR) below session VWAP 3355.47 and turning,2025-06-06 18:00:00+00:00,3317.7160714285715,stop,25.65,0.0,-882.2989285714098,-1.0,88808.3970150518
2025-06-23,-1,2025-06-23 14:00:00+00:00,3380.74497,3393.9142564285717,3366.999889142858,66.0,884.0229042857109,vwap_fade,VWAP fade: close 3388.90 is 21.90 (0.42x ATR) above session VWAP 3367.00 and turning,2025-06-23 15:15:00+00:00,3394.1392564285716,stop,29.699999999999996,0.0,-884.0229042857109,-1.0,87924.37411076609
2025-06-26,1,2025-06-26 13:30:00+00:00,3313.225,3299.7644607142856,3339.3510262948716,64.0,875.8745142857078,vwap_fade,VWAP fade: close 3320.75 is 18.60 (0.35x ATR) below session VWAP 3339.35 and turning,2025-06-26 20:00:00+00:00,3331.2249500000003,session_end,28.799999999999997,0.0,1151.9968000000226,1.3152532482800892,89076.37091076611
2025-06-27,1,2025-06-27 13:45:00+00:00,3265.8949199999997,3252.936166428571,3283.628149666666,67.0,883.3114892857093,vwap_fade,VWAP fade: close 3265.48 is 18.15 (0.36x ATR) below session VWAP 3283.63 and turning,2025-06-27 20:00:00+00:00,3270.54502,session_end,30.15,0.0,311.55670000001965,0.35271442042711376,89387.92761076613
2025-07-03,1,2025-07-03 13:00:00+00:00,3324.235,3310.779638232143,3346.5911075,65.0,889.2235149107046,vwap_fade,VWAP fade: close 3324.25 is 22.34 (0.42x ATR) below session VWAP 3346.59 and turning,2025-07-03 20:00:00+00:00,3328.58506,session_end,29.249999999999996,0.0,282.75389999998424,0.31797843315960694,89670.68151076611
2025-07-07,-1,2025-07-07 18:00:00+00:00,3331.745,3344.0712546249997,3313.135910303031,71.0,891.1390783749807,vwap_fade,VWAP fade: close 3332.03 is 18.89 (0.39x ATR) above session VWAP 3313.14 and turning,2025-07-07 20:00:00+00:00,3337.245,session_end,31.949999999999996,0.0,-390.5,-0.43820320472544944,89280.18151076611
2025-07-08,1,2025-07-08 15:30:00+00:00,3296.83511,3284.358319660714,3321.4264676274506,70.0,889.1253237499996,vwap_fade,VWAP fade: close 3296.60 is 24.83 (0.51x ATR) below session VWAP 3321.43 and turning,2025-07-08 20:00:00+00:00,3302.3450000000003,session_end,31.499999999999996,0.0,385.6923000000188,0.43378845444792,89665.87381076613
2025-07-14,1,2025-07-14 15:00:00+00:00,3343.475,3331.4105293035714,3363.326354447916,72.0,884.8418901428486,vwap_fade,VWAP fade: close 3343.07 is 20.26 (0.43x ATR) below session VWAP 3363.33 and turning,2025-07-14 20:00:00+00:00,3343.835,session_end,32.4,0.0,25.920000000009168,0.02929336900609967,89691.79381076615
2025-07-15,1,2025-07-15 16:30:00+00:00,3325.99502,3314.814655732143,3352.4196453157892,78.0,889.6184128928335,vwap_fade,VWAP fade: close 3325.78 is 26.64 (0.61x ATR) below session VWAP 3352.42 and turning,2025-07-15 20:00:00+00:00,3330.185,session_end,35.099999999999994,0.0,326.8184400000082,0.3673692397364733,90018.61225076615
2025-07-16,-1,2025-07-16 15:45:00+00:00,3356.375,3367.948218017857,3337.6843711333336,76.0,896.6645693571263,vwap_fade,VWAP fade: close 3356.00 is 18.32 (0.40x ATR) above session VWAP 3337.68 and turning,2025-07-16 15:45:00+00:00,3337.8593711333338,target,30.4,0.0,1407.1877938666348,1.569358087691068,91425.80004463278
2025-07-21,-1,2025-07-21 13:15:00+00:00,3386.405,3397.6850048035717,3369.9677341333336,79.0,908.8953794821414,vwap_fade,VWAP fade: close 3386.55 is 16.58 (0.37x ATR) above session VWAP 3369.97 and turning,2025-07-21 14:15:00+00:00,3397.9100048035716,stop,35.55,0.0,-908.8953794821414,-1.0,90516.90466515064
2025-07-21,-1,2025-07-21 15:15:00+00:00,3395.8650000000002,3407.1450048035717,3375.766365929293,79.0,908.8953794821414,vwap_fade,VWAP fade: close 3396.09 is 20.32 (0.46x ATR) above session VWAP 3375.77 and turning,2025-07-21 20:00:00+00:00,3399.265,session_end,35.55,0.0,-268.59999999997126,-0.29552356196706675,90248.30466515066
2025-07-22,-1,2025-07-22 14:00:00+00:00,3412.18491,3423.4368778392854,3392.8800023809526,78.0,895.2034914642618,vwap_fade,VWAP fade: close 3412.55 is 19.67 (0.45x ATR) above session VWAP 3392.88 and turning,2025-07-22 14:30:00+00:00,3423.6618778392854,stop,35.099999999999994,0.0,-895.2034914642618,-1.0,89353.1011736864
2025-07-22,-1,2025-07-22 15:00:00+00:00,3423.7850000000003,3435.036967839286,3396.295314479167,78.0,895.2034914642618,vwap_fade,VWAP fade: close 3424.01 is 27.71 (0.63x ATR) above session VWAP 3396.30 and turning,2025-07-22 20:00:00+00:00,3431.8949199999997,session_end,35.099999999999994,0.0,-632.5737599999547,-0.7066256622449828,88720.52741368645
2025-07-23,1,2025-07-23 16:45:00+00:00,3394.025,3382.4723200000003,3419.51717948718,75.0,883.3259999999768,vwap_fade,VWAP fade: close 3393.40 is 26.12 (0.58x ATR) below session VWAP 3419.52 and turning,2025-07-23 20:00:00+00:00,3393.3250000000003,session_end,33.75,0.0,-52.49999999998636,-0.059434455682259704,88668.02741368646
2025-07-28,1,2025-07-28 14:15:00+00:00,3317.765,3305.959819642857,3339.3486206896546,73.0,878.2031660714283,vwap_fade,VWAP fade: close 3317.54 is 21.81 (0.47x ATR) below session VWAP 3339.35 and turning,2025-07-28 20:00:00+00:00,3322.585,session_end,32.849999999999994,0.0,351.86000000001195,0.40065899736393523,89019.88741368648
2025-07-30,1,2025-07-30 14:00:00+00:00,3314.6549999999997,3303.4432164285713,3332.7039285714286,77.0,880.632334999983,vwap_fade,VWAP fade: close 3314.27 is 18.43 (0.42x ATR) below session VWAP 3332.70 and turning,2025-07-30 15:30:00+00:00,3303.2182164285714,stop,34.65,0.0,-880.632334999983,-1.0,88139.25507868649
2025-07-30,1,2025-07-30 15:45:00+00:00,3306.2149999999997,3295.0032164285712,3328.603047619048,77.0,880.632334999983,vwap_fade,VWAP fade: close 3305.99 is 22.61 (0.51x ATR) below session VWAP 3328.60 and turning,2025-07-30 19:00:00+00:00,3294.7782164285713,stop,34.65,0.0,-880.632334999983,-1.0,87258.6227436865
2025-08-01,-1,2025-08-01 13:45:00+00:00,3345.385,3356.8301771428573,3307.753456790123,74.0,863.5931085714201,vwap_fade,VWAP fade: close 3345.80 is 38.05 (0.85x ATR) above session VWAP 3307.75 and turning,2025-08-01 15:00:00+00:00,3357.0551771428572,stop,33.3,0.0,-863.5931085714201,-1.0,86395.02963511508
2025-08-01,-1,2025-08-01 15:45:00+00:00,3348.205,3359.650177142857,3316.6653333333334,74.0,863.5931085714201,vwap_fade,VWAP fade: close 3348.43 is 31.76 (0.71x ATR) above session VWAP 3316.67 and turning,2025-08-01 20:00:00+00:00,3355.4449999999997,session_end,33.3,0.0,-535.7599999999838,-0.6203847560644075,85859.2696351151
2025-08-14,1,2025-08-14 16:45:00+00:00,3328.565,3319.1046432142857,3341.5017948717955,88.0,852.3113971428538,vwap_fade,VWAP fade: close 3328.35 is 13.15 (0.36x ATR) below session VWAP 3341.50 and turning,2025-08-14 20:00:00+00:00,3331.3650000000002,session_end,39.599999999999994,0.0,246.400000000016,0.2890962162726043,86105.6696351151
2025-08-19,1,2025-08-19 16:45:00+00:00,3317.685,3308.166964285714,3331.2625641025647,88.0,857.3871428571438,vwap_fade,VWAP fade: close 3317.45 is 13.81 (0.37x ATR) below session VWAP 3331.26 and turning,2025-08-19 19:45:00+00:00,3307.941964285714,stop,39.599999999999994,0.0,-857.3871428571438,-1.0,85248.28249225796
2025-08-22,-1,2025-08-22 15:45:00+00:00,3356.3250000000003,3364.6610714285716,3331.1719047619044,99.0,847.5460714285555,vwap_fade,VWAP fade: close 3356.54 is 25.37 (0.78x ATR) above session VWAP 3331.17 and turning,2025-08-22 20:00:00+00:00,3361.585,session_end,44.55,0.0,-520.7399999999766,-0.6144090776354602,84727.54249225798
2025-08-28,-1,2025-08-28 16:45:00+00:00,3412.585,3421.0237489285714,3398.3976923076916,97.0,840.3836460714156,vwap_fade,VWAP fade: close 3412.81 is 14.41 (0.44x ATR) above session VWAP 3398.40 and turning,2025-08-28 17:15:00+00:00,3421.2487489285713,stop,43.65,0.0,-840.3836460714156,-1.0,83887.15884618656
2025-08-29,-1,2025-08-29 15:15:00+00:00,3443.705,3452.547856071428,3417.347474747475,92.0,834.242758571394,vwap_fade,VWAP fade: close 3443.94 is 26.59 (0.77x ATR) above session VWAP 3417.35 and turning,2025-08-29 15:15:00+00:00,3452.772856071428,stop,41.4,0.0,-834.242758571394,-1.0,83052.91608761517
2025-08-29,-1,2025-08-29 16:00:00+00:00,3450.8450000000003,3459.6878560714285,3420.04,92.0,834.242758571394,vwap_fade,VWAP fade: close 3451.08 is 31.04 (0.90x ATR) above session VWAP 3420.04 and turning,2025-08-29 19:45:00+00:00,3459.9128560714285,stop,41.4,0.0,-834.242758571394,-1.0,82218.67332904378
2025-09-02,-1,2025-09-02 15:15:00+00:00,3522.875,3532.256784642857,3500.740101010101,85.0,816.5766946428312,vwap_fade,VWAP fade: close 3523.10 is 22.36 (0.61x ATR) above session VWAP 3500.74 and turning,2025-09-02 15:45:00+00:00,3532.481784642857,stop,38.24999999999999,0.0,-816.5766946428312,-1.0,81402.09663440095
2025-09-02,-1,2025-09-02 16:30:00+00:00,3537.495,3546.876784642857,3504.8470175438592,85.0,816.5766946428312,vwap_fade,VWAP fade: close 3537.71 is 32.86 (0.90x ATR) above session VWAP 3504.85 and turning,2025-09-02 17:00:00+00:00,3547.1017846428567,stop,38.24999999999999,0.0,-816.5766946428312,-1.0,80585.51993975812
2025-09-02,-1,2025-09-02 17:30:00+00:00,3545.195,3554.576784642857,3508.6230952380947,85.0,816.5766946428312,vwap_fade,VWAP fade: close 3545.42 is 36.80 (1.00x ATR) above session VWAP 3508.62 and turning,2025-09-02 19:15:00+00:00,3554.801784642857,stop,38.24999999999999,0.0,-816.5766946428312,-1.0,79768.94324511528
2025-09-03,-1,2025-09-03 14:45:00+00:00,3574.415,3584.6412489285713,3559.3069892473122,76.0,794.2949185714115,vwap_fade,VWAP fade: close 3574.51 is 15.20 (0.38x ATR) above session VWAP 3559.31 and turning,2025-09-03 17:00:00+00:00,3584.866248928571,stop,34.199999999999996,0.0,-794.2949185714115,-1.0,78974.64832654387
2025-09-03,-1,2025-09-03 17:30:00+00:00,3582.355,3592.5812489285713,3563.925793650794,76.0,794.2949185714115,vwap_fade,VWAP fade: close 3582.59 is 18.66 (0.47x ATR) above session VWAP 3563.93 and turning,2025-09-03 20:00:00+00:00,3574.985,session_end,34.199999999999996,0.0,560.1199999999917,0.705178878655553,79534.76832654387
2025-09-05,-1,2025-09-05 13:00:00+00:00,3581.715,3592.7289275,3558.266944444444,70.0,786.7249249999713,vwap_fade,VWAP fade: close 3581.93 is 23.66 (0.55x ATR) above session VWAP 3558.27 and turning,2025-09-05 13:45:00+00:00,3592.9539274999997,stop,31.499999999999996,0.0,-786.7249249999713,-1.0,78748.0434015439
2025-09-05,-1,2025-09-05 14:15:00+00:00,3592.745,3603.7589274999996,3562.7995402298848,70.0,786.7249249999713,vwap_fade,VWAP fade: close 3592.97 is 30.17 (0.70x ATR) above session VWAP 3562.80 and turning,2025-09-05 20:00:00+00:00,3598.515,session_end,31.499999999999996,0.0,-403.8999999999987,-0.513394182852429,78344.1434015439
2025-09-08,-1,2025-09-08 15:30:00+00:00,3641.185,3652.064284642857,3626.1006862745103,70.0,777.2999249999748,vwap_fade,VWAP fade: close 3641.52 is 15.42 (0.36x ATR) above session VWAP 3626.10 and turning,2025-09-08 20:00:00+00:00,3641.685,session_end,31.499999999999996,0.0,-35.0,-0.04502766419281609,78309.1434015439
2025-09-15,-1,2025-09-15 16:45:00+00:00,3685.765,3697.4033928571425,3658.333675213675,66.0,782.9839285714097,vwap_fade,VWAP fade: close 3685.99 is 27.66 (0.61x ATR) above session VWAP 3658.33 and turning,2025-09-15 20:00:00+00:00,3685.9649999999997,session_end,29.699999999999996,0.0,-13.199999999987995,-0.01685858357791839,78295.94340154392
2025-09-24,1,2025-09-24 16:15:00+00:00,3748.275,3736.2864285714286,3772.276126126126,64.0,781.6685714285704,vwap_fade,VWAP fade: close 3748.16 is 24.12 (0.51x ATR) below session VWAP 3772.28 and turning,2025-09-24 18:00:00+00:00,3736.0614285714287,stop,28.799999999999997,0.0,-781.6685714285704,-1.0,77514.27483011535
2025-09-26,-1,2025-09-26 14:45:00+00:00,3783.465,3795.639285714286,3760.237419354838,62.0,768.7557142857149,vwap_fade,VWAP fade: close 3783.69 is 23.45 (0.49x ATR) above session VWAP 3760.24 and turning,2025-09-26 18:00:00+00:00,3795.864285714286,stop,27.9,0.0,-768.7557142857149,-1.0,76745.51911582964
2025-09-30,1,2025-09-30 09:30:00+00:00,3817.805,3805.2076785714285,3843.2066666666665,59.0,756.5169642857059,vwap_fade,VWAP fade: close 3817.57 is 25.64 (0.52x ATR) below session VWAP 3843.21 and turning,2025-09-30 14:00:00+00:00,3843.0316666666663,target,23.599999999999998,0.0,1488.3733333333212,1.9674024557250018,78233.89244916296
2025-09-30,-1,2025-09-30 14:30:00+00:00,3853.8050000000003,3866.4023214285717,3832.985,59.0,756.5169642857059,vwap_fade,VWAP fade: close 3854.04 is 21.05 (0.43x ATR) above session VWAP 3832.99 and turning,2025-09-30 19:45:00+00:00,3866.6273214285716,stop,26.549999999999997,0.0,-756.5169642857059,-1.0,77477.37548487725
2025-10-02,1,2025-10-02 15:00:00+00:00,3851.235,3837.7825000000003,3880.688125,56.0,765.9399999999878,vwap_fade,VWAP fade: close 3851.29 is 29.40 (0.56x ATR) below session VWAP 3880.69 and turning,2025-10-02 15:00:00+00:00,3837.5575000000003,stop,25.199999999999996,0.0,-765.9399999999878,-1.0,76711.43548487726
2025-10-02,1,2025-10-02 16:15:00+00:00,3847.325,3833.8725,3875.6276576576574,56.0,765.9399999999878,vwap_fade,VWAP fade: close 3847.10 is 28.53 (0.54x ATR) below session VWAP 3875.63 and turning,2025-10-02 20:00:00+00:00,3863.875,session_end,25.199999999999996,0.0,926.8000000000102,1.2100164503747355,77638.23548487728
2025-10-09,1,2025-10-09 17:30:00+00:00,3975.535,3959.68375,4044.050476190475,48.0,771.6599999999817,vwap_fade,VWAP fade: close 3975.31 is 68.74 (1.10x ATR) below session VWAP 4044.05 and turning,2025-10-09 20:00:00+00:00,3988.965,session_end,21.599999999999998,0.0,644.640000000014,0.8353938262965934,78282.8754848773
2025-10-13,-1,2025-10-13 16:30:00+00:00,4115.594999999999,4132.53375,4087.6814035789453,45.0,772.3687500000278,vwap_fade,VWAP fade: close 4115.83 is 28.15 (0.42x ATR) above session VWAP 4087.68 and turning,2025-10-13 20:00:00+00:00,4124.225,session_end,20.249999999999996,0.0,-388.35000000004584,-0.5028038744447284,77894.52548487725
2025-10-16,-1,2025-10-16 15:45:00+00:00,4288.155,4307.668214285714,4259.713428571428,39.0,769.7903571428851,vwap_fade,VWAP fade: close 4288.38 is 28.67 (0.37x ATR) above session VWAP 4259.71 and turning,2025-10-16 16:15:00+00:00,4307.893214285715,stop,17.549999999999997,0.0,-769.7903571428851,-1.0,77124.73512773436
2025-10-16,-1,2025-10-16 16:45:00+00:00,4301.035,4320.5482142857145,4263.767863247863,39.0,769.7903571428851,vwap_fade,VWAP fade: close 4301.26 is 37.49 (0.49x ATR) above session VWAP 4263.77 and turning,2025-10-16 17:15:00+00:00,4320.773214285715,stop,17.549999999999997,0.0,-769.7903571428851,-1.0,76354.94477059146
2025-10-17,1,2025-10-17 12:15:00+00:00,4346.715,4325.638392857142,4381.650634920635,35.0,745.5562500000406,vwap_fade,VWAP fade: close 4346.49 is 35.16 (0.42x ATR) below session VWAP 4381.65 and turning,2025-10-17 12:15:00+00:00,4325.413392857142,stop,15.749999999999998,0.0,-745.5562500000406,-1.0,75609.38852059143
2025-10-17,1,2025-10-17 12:45:00+00:00,4340.0650000000005,4318.988392857143,4377.272753623189,35.0,745.5562500000406,vwap_fade,VWAP fade: close 4339.85 is 37.42 (0.45x ATR) below session VWAP 4377.27 and turning,2025-10-17 13:30:00+00:00,4318.763392857142,stop,15.749999999999998,0.0,-745.5562500000406,-1.0,74863.83227059139
2025-10-17,1,2025-10-17 14:30:00+00:00,4252.495000000001,4231.418392857143,4359.923,35.0,745.5562500000406,vwap_fade,VWAP fade: close 4252.30 is 107.62 (1.29x ATR) below session VWAP 4359.92 and turning,2025-10-17 16:30:00+00:00,4231.1933928571425,stop,15.749999999999998,0.0,-745.5562500000406,-1.0,74118.27602059135
2025-10-20,-1,2025-10-20 13:15:00+00:00,4321.605,4347.345535714286,4259.166666666666,28.0,727.0350000000217,vwap_fade,VWAP fade: close 4321.84 is 62.67 (0.61x ATR) above session VWAP 4259.17 and turning,2025-10-20 15:00:00+00:00,4347.570535714286,stop,12.599999999999998,0.0,-727.0350000000217,-1.0,73391.24102059133
2025-10-20,-1,2025-10-20 15:30:00+00:00,4344.615,4370.355535714286,4275.249117647058,28.0,727.0350000000217,vwap_fade,VWAP fade: close 4344.83 is 69.58 (0.68x ATR) above session VWAP 4275.25 and turning,2025-10-20 19:00:00+00:00,4370.580535714286,stop,12.599999999999998,0.0,-727.0350000000217,-1.0,72664.20602059131
2025-10-21,1,2025-10-21 13:30:00+00:00,4205.805,4178.033571428571,4263.722051282051,25.0,699.9107142857383,vwap_fade,VWAP fade: close 4205.58 is 58.14 (0.53x ATR) below session VWAP 4263.72 and turning,2025-10-21 13:45:00+00:00,4177.808571428571,stop,11.249999999999998,0.0,-699.9107142857383,-1.0,71964.29530630558
2025-10-21,1,2025-10-21 14:15:00+00:00,4187.225,4159.453571428571,4256.6033333333335,25.0,699.9107142857383,vwap_fade,VWAP fade: close 4186.95 is 69.65 (0.63x ATR) below session VWAP 4256.60 and turning,2025-10-21 14:15:00+00:00,4159.228571428571,stop,11.249999999999998,0.0,-699.9107142857383,-1.0,71264.38459201984
2025-10-21,1,2025-10-21 15:00:00+00:00,4146.465,4118.693571428571,4245.292083333334,25.0,699.9107142857383,vwap_fade,VWAP fade: close 4146.69 is 98.60 (0.89x ATR) below session VWAP 4245.29 and turning,2025-10-21 16:15:00+00:00,4118.468571428571,stop,11.249999999999998,0.0,-699.9107142857383,-1.0,70564.4738777341
2025-10-22,1,2025-10-22 12:00:00+00:00,4041.725,4009.4757142857143,4087.2803333333322,21.0,681.9599999999964,vwap_fade,VWAP fade: close 4041.49 is 45.79 (0.36x ATR) below session VWAP 4087.28 and turning,2025-10-22 13:30:00+00:00,4087.105333333332,target,8.399999999999999,0.0,952.9869999999751,1.3974236025573055,71517.46087773408
2025-11-12,-1,2025-11-12 17:30:00+00:00,4197.158979999999,4219.166177142857,4142.553227456141,32.0,711.4303085714637,vwap_fade,VWAP fade: close 4197.35 is 54.79 (0.63x ATR) above session VWAP 4142.55 and turning,2025-11-12 21:00:00+00:00,4195.755520000001,session_end,14.399999999999999,0.0,44.9107199999562,0.06312736392990613,71562.37159773403
2025-11-13,1,2025-11-13 19:00:00+00:00,4156.790480000001,4134.558113571429,4216.560068787878,31.0,696.1783592857237,vwap_fade,VWAP fade: close 4156.36 is 60.20 (0.68x ATR) below session VWAP 4216.56 and turning,2025-11-13 21:00:00+00:00,4163.05213,session_end,13.95,0.0,194.11114999998335,0.27882387812103304,71756.48274773401
2025-11-14,1,2025-11-14 13:00:00+00:00,4114.26642,4091.8913428571423,4157.263239833333,31.0,700.6023914285847,vwap_fade,VWAP fade: close 4114.19 is 43.07 (0.49x ATR) below session VWAP 4157.26 and turning,2025-11-14 13:15:00+00:00,4091.6663428571424,stop,13.95,0.0,-700.6023914285847,-1.0,71055.88035630542
2025-11-14,1,2025-11-14 14:30:00+00:00,4054.08438,4031.7093028571426,4135.890071794872,31.0,700.6023914285706,vwap_fade,VWAP fade: close 4053.89 is 82.00 (0.93x ATR) below session VWAP 4135.89 and turning,2025-11-14 21:00:00+00:00,4086.0093500000003,session_end,13.95,0.0,989.674070000015,1.4126044702502512,72045.55442630543
2025-11-19,1,2025-11-19 17:30:00+00:00,4071.53212,4049.2767405357145,4102.229352105263,32.0,719.3721428571298,vwap_fade,VWAP fade: close 4071.11 is 31.12 (0.35x ATR) below session VWAP 4102.23 and turning,2025-11-19 21:00:00+00:00,4075.60024,session_end,14.399999999999999,0.0,130.1798400000116,0.18096313749789703,72175.73426630544
2025-11-28,-1,2025-11-28 18:15:00+00:00,4213.44989,4234.679759642857,4184.054297886179,33.0,708.0106982142934,vwap_fade,VWAP fade: close 4213.83 is 29.78 (0.35x ATR) above session VWAP 4184.05 and turning,2025-11-28 21:00:00+00:00,4216.58007,session_end,14.849999999999998,0.0,-103.29594000000361,-0.1458960157813026,72072.43832630545
2025-12-11,-1,2025-12-11 16:00:00+00:00,4253.36396,4267.951973571428,4221.726993854167,48.0,711.0246514285973,vwap_fade,VWAP fade: close 4253.80 is 32.07 (0.56x ATR) above session VWAP 4221.73 and turning,2025-12-11 16:45:00+00:00,4268.176973571429,stop,21.599999999999998,0.0,-711.0246514285973,-1.0,71361.41367487685
2025-12-11,-1,2025-12-11 17:30:00+00:00,4276.33731,4290.925323571429,4228.8141885087725,48.0,711.0246514285973,vwap_fade,VWAP fade: close 4276.69 is 47.87 (0.83x ATR) above session VWAP 4228.81 and turning,2025-12-11 21:00:00+00:00,4276.373570000001,session_end,21.599999999999998,0.0,-1.7404800000367686,-0.002447847618981677,71359.67319487681
2025-12-12,1,2025-12-12 16:30:00+00:00,4291.37387,4276.62943375,4322.472644705883,47.0,703.5635037500188,vwap_fade,VWAP fade: close 4291.40 is 31.07 (0.53x ATR) below session VWAP 4322.47 and turning,2025-12-12 16:30:00+00:00,4276.40443375,stop,21.15,0.0,-703.5635037500188,-1.0,70656.1096911268
2025-12-12,1,2025-12-12 17:00:00+00:00,4280.18861,4265.44417375,4319.885551296296,47.0,703.5635037500188,vwap_fade,VWAP fade: close 4280.15 is 39.73 (0.68x ATR) below session VWAP 4319.89 and turning,2025-12-12 21:00:00+00:00,4299.75173,session_end,21.15,0.0,919.4666399999905,1.3068708582796014,71575.57633112678
2025-12-15,1,2025-12-15 17:00:00+00:00,4298.73368,4284.097744464286,4333.888993333335,48.0,713.3249057143112,vwap_fade,VWAP fade: close 4298.65 is 35.24 (0.61x ATR) below session VWAP 4333.89 and turning,2025-12-15 21:00:00+00:00,4304.3654,session_end,21.599999999999998,0.0,270.3225599999714,0.3789613370211364,71845.89889112675
2025-12-16,-1,2025-12-16 14:45:00+00:00,4323.923919999999,4338.816667857142,4289.657239876544,47.0,710.5341492857451,vwap_fade,VWAP fade: close 4324.09 is 34.43 (0.59x ATR) above session VWAP 4289.66 and turning,2025-12-16 21:00:00+00:00,4304.85801,session_end,21.15,0.0,896.0977699999694,1.2611607350621494,72741.99666112672
2025-12-18,-1,2025-12-18 16:45:00+00:00,4367.86407,4383.509206428572,4330.128511047619,45.0,714.1561392857648,vwap_fade,VWAP fade: close 4368.01 is 37.89 (0.61x ATR) above session VWAP 4330.13 and turning,2025-12-18 17:00:00+00:00,4330.303511047619,target,17.999999999999996,0.0,1690.2251528571105,2.366744553295478,74432.22181398382
2025-12-23,1,2025-12-23 15:30:00+00:00,4447.032450000001,4431.082989821429,4480.208462555555,46.0,744.0251682143207,vwap_fade,VWAP fade: close 4446.96 is 33.24 (0.53x ATR) below session VWAP 4480.21 and turning,2025-12-23 17:00:00+00:00,4480.033462555555,target,18.4,0.0,1518.0465775555094,2.0403161645712333,75950.26839153933
2025-12-24,1,2025-12-24 16:00:00+00:00,4460.01696,4443.749666785714,4484.609389583335,46.0,758.6454878571694,vwap_fade,VWAP fade: close 4459.55 is 25.06 (0.39x ATR) below session VWAP 4484.61 and turning,2025-12-24 17:00:00+00:00,4484.434389583334,target,18.4,0.0,1123.201760833388,1.4805357427300139,77073.47015237271
2025-12-26,-1,2025-12-26 16:15:00+00:00,4545.02067,4560.688342857143,4519.100072828283,48.0,762.8482971428748,vwap_fade,VWAP fade: close 4545.62 is 26.52 (0.43x ATR) above session VWAP 4519.10 and turning,2025-12-26 17:30:00+00:00,4519.275072828284,target,19.199999999999996,0.0,1235.7886642423837,1.6199664715394013,78309.2588166151
2025-12-29,1,2025-12-29 15:45:00+00:00,4332.8489,4316.627244821429,4438.291576881721,47.0,772.992793392872,vwap_fade,VWAP fade: close 4332.69 is 105.61 (1.65x ATR) below session VWAP 4438.29 and turning,2025-12-29 17:30:00+00:00,4316.402244821428,stop,21.15,0.0,-772.992793392872,-1.0,77536.26602322223
2025-12-29,1,2025-12-29 18:00:00+00:00,4328.83816,4312.616504821429,4414.1424940000015,47.0,772.992793392872,vwap_fade,VWAP fade: close 4328.55 is 85.59 (1.34x ATR) below session VWAP 4414.14 and turning,2025-12-29 21:00:00+00:00,4333.318749999999,session_end,21.15,0.0,210.5877299999629,0.27243168603893064,77746.85375322218
2026-01-02,1,2026-01-02 15:45:00+00:00,4345.24919,4326.647304821428,4380.654567204301,41.0,771.9022923214688,vwap_fade,VWAP fade: close 4345.07 is 35.58 (0.48x ATR) below session VWAP 4380.65 and turning,2026-01-02 16:00:00+00:00,4326.422304821428,stop,18.45,0.0,-771.9022923214688,-1.0,76974.95146090072
2026-01-02,1,2026-01-02 16:45:00+00:00,4326.530360000001,4307.928474821429,4374.574097809523,41.0,771.9022923214688,vwap_fade,VWAP fade: close 4326.60 is 47.98 (0.65x ATR) below session VWAP 4374.57 and turning,2026-01-02 21:00:00+00:00,4330.720969999999,session_end,18.45,0.0,171.81500999994842,0.2225864746213162,77146.76647090066
2026-01-08,-1,2026-01-08 17:00:00+00:00,4462.102669999999,4482.845832857142,4433.136104722221,36.0,754.8538628571623,vwap_fade,VWAP fade: close 4462.20 is 29.06 (0.35x ATR) above session VWAP 4433.14 and turning,2026-01-08 21:00:00+00:00,4477.01007,session_end,16.2,0.0,-536.6664000000346,-0.7109540354853899,76610.10007090063
2026-01-09,-1,2026-01-09 16:00:00+00:00,4511.4734499999995,4532.697726607143,4478.9526481249995,35.0,750.7246812500216,vwap_fade,VWAP fade: close 4511.50 is 32.54 (0.39x ATR) above session VWAP 4478.95 and turning,2026-01-09 21:00:00+00:00,4509.01105,session_end,15.749999999999998,0.0,86.18399999998019,0.11480107441848904,76696.28407090061
2026-01-21,1,2026-01-21 17:30:00+00:00,4819.19866,4799.699922857142,4856.973734824561,38.0,749.5020114286126,vwap_fade,VWAP fade: close 4819.06 is 37.92 (0.49x ATR) below session VWAP 4856.97 and turning,2026-01-21 19:30:00+00:00,4799.474922857142,stop,17.099999999999998,0.0,-749.5020114286126,-1.0,75946.782059472
2026-01-22,-1,2026-01-22 17:00:00+00:00,4877.9819,4899.735683392857,4835.979401203704,34.0,747.2786353571591,vwap_fade,VWAP fade: close 4878.24 is 42.26 (0.49x ATR) above session VWAP 4835.98 and turning,2026-01-22 17:45:00+00:00,4899.960683392857,stop,15.299999999999999,0.0,-747.2786353571591,-1.0,75199.50342411484
2026-01-22,-1,2026-01-22 18:30:00+00:00,4910.32778,4932.081563392857,4844.708170952381,34.0,747.2786353571591,vwap_fade,VWAP fade: close 4910.51 is 65.81 (0.76x ATR) above session VWAP 4844.71 and turning,2026-01-22 21:00:00+00:00,4916.411260000001,session_end,15.299999999999999,0.0,-206.83832000003895,-0.2767887508267667,74992.6651041148
2026-01-23,-1,2026-01-23 16:45:00+00:00,4982.02748,5005.077241964286,4935.473728761906,32.0,744.7923828571802,vwap_fade,VWAP fade: close 4982.62 is 47.14 (0.52x ATR) above session VWAP 4935.47 and turning,2026-01-23 21:00:00+00:00,4983.17751,session_end,14.399999999999999,0.0,-36.800960000022314,-0.04941103164729759,74955.86414411478
2026-01-29,1,2026-01-29 16:00:00+00:00,5186.40202,5157.71055375,5485.972037812499,25.0,722.9116562500167,vwap_fade,VWAP fade: close 5185.85 is 300.12 (2.64x ATR) below session VWAP 5485.97 and turning,2026-01-29 21:00:00+00:00,5395.00817,session_end,11.249999999999998,0.0,5215.15374999999,7.214095532852144,80171.01789411478
2026-01-30,1,2026-01-30 16:45:00+00:00,5009.93277,4973.867723214285,5071.150162095239,22.0,798.3810292857361,vwap_fade,VWAP fade: close 5010.58 is 60.57 (0.42x ATR) below session VWAP 5071.15 and turning,2026-01-30 16:45:00+00:00,4973.642723214285,stop,9.899999999999999,0.0,-798.3810292857361,-1.0,79372.63686482904
2026-01-30,1,2026-01-30 17:30:00+00:00,4926.858560000001,4890.793513214286,5061.39782754386,22.0,798.3810292857361,vwap_fade,VWAP fade: close 4925.25 is 136.15 (0.95x ATR) below session VWAP 5061.40 and turning,2026-01-30 17:30:00+00:00,4890.568513214285,stop,9.899999999999999,0.0,-798.3810292857361,-1.0,78574.2558355433
2026-01-30,1,2026-01-30 18:45:00+00:00,4762.35045,4726.285403214285,5031.847532248063,22.0,798.3810292857361,vwap_fade,VWAP fade: close 4756.64 is 275.20 (1.92x ATR) below session VWAP 5031.85 and turning,2026-01-30 21:00:00+00:00,4846.17056,session_end,9.899999999999999,0.0,1844.0424199999925,2.309727250971566,80418.2982555433
2026-02-02,-1,2026-02-02 12:00:00+00:00,4764.634499999999,4811.8293875,4688.777891250001,16.0,758.7182000000175,vwap_fade,VWAP fade: close 4763.53 is 74.75 (0.40x ATR) above session VWAP 4688.78 and turning,2026-02-02 12:45:00+00:00,4812.0543875,stop,7.199999999999999,0.0,-758.7182000000175,-1.0,79659.58005554328
2026-02-02,-1,2026-02-02 13:00:00+00:00,4789.80042,4836.9953075,4707.035467166666,16.0,758.7182000000175,vwap_fade,VWAP fade: close 4791.56 is 84.53 (0.45x ATR) above session VWAP 4707.04 and turning,2026-02-02 13:30:00+00:00,4707.210467166667,target,6.3999999999999995,0.0,1321.4392453333276,1.7416733186752302,80981.01930087661
2026-02-04,1,2026-02-04 16:15:00+00:00,4929.82366,4870.409073392857,5034.036735353535,13.0,775.3146258928646,vwap_fade,VWAP fade: close 4929.90 is 104.14 (0.44x ATR) below session VWAP 5034.04 and turning,2026-02-04 16:45:00+00:00,4870.184073392857,stop,5.85,0.0,-775.3146258928646,-1.0,80205.70467498375
2026-02-04,1,2026-02-04 17:00:00+00:00,4903.132030000001,4843.717443392858,5023.295195092593,13.0,775.3146258928646,vwap_fade,VWAP fade: close 4903.12 is 120.18 (0.51x ATR) below session VWAP 5023.30 and turning,2026-02-04 21:00:00+00:00,4938.36493,session_end,5.85,0.0,458.0276999999878,0.59076365220444,80663.73237498374
2026-02-12,1,2026-02-12 16:45:00+00:00,4954.45327,4886.777966428571,5055.916119809524,11.0,746.9033392857245,vwap_fade,VWAP fade: close 4954.35 is 101.57 (0.38x ATR) below session VWAP 5055.92 and turning,2026-02-12 21:00:00+00:00,4915.744229999999,session_end,4.949999999999999,0.0,-425.79944000000705,-0.5700864055678286,80237.93293498374
2026-03-02,1,2026-03-02 15:30:00+00:00,5329.89782,5299.966025892857,5384.461218888889,26.0,784.0766467857302,vwap_fade,VWAP fade: close 5330.28 is 54.18 (0.46x ATR) below session VWAP 5384.46 and turning,2026-03-02 16:00:00+00:00,5299.741025892857,stop,11.7,0.0,-784.0766467857302,-1.0,79453.856288198
2026-03-02,1,2026-03-02 16:30:00+00:00,5311.824210000001,5281.892415892858,5376.238220490195,26.0,784.0766467857302,vwap_fade,VWAP fade: close 5311.32 is 64.92 (0.55x ATR) below session VWAP 5376.24 and turning,2026-03-02 16:30:00+00:00,5281.667415892857,stop,11.7,0.0,-784.0766467857302,-1.0,78669.77964141227
2026-03-02,1,2026-03-02 17:15:00+00:00,5300.24388,5270.312085892857,5369.88206990991,26.0,784.0766467857302,vwap_fade,VWAP fade: close 5299.78 is 70.10 (0.59x ATR) below session VWAP 5369.88 and turning,2026-03-02 21:00:00+00:00,5333.42243,session_end,11.7,0.0,862.6422999999904,1.1002014962903626,79532.42194141226
2026-03-03,1,2026-03-03 12:00:00+00:00,5150.26904,5118.986158392857,5251.259538541667,25.0,787.6970401785911,vwap_fade,VWAP fade: close 5149.65 is 101.61 (0.82x ATR) below session VWAP 5251.26 and turning,2026-03-03 14:30:00+00:00,5118.7611583928565,stop,11.249999999999998,0.0,-787.6970401785911,-1.0,78744.72490123367
2026-03-03,1,2026-03-03 15:30:00+00:00,5044.1079500000005,5012.825068392857,5199.975507222222,25.0,787.6970401785911,vwap_fade,VWAP fade: close 5044.06 is 155.92 (1.26x ATR) below session VWAP 5199.98 and turning,2026-03-03 21:00:00+00:00,5097.282499999999,session_end,11.249999999999998,0.0,1329.3637499999704,1.6876586837225764,80074.08865123364
2026-03-05,1,2026-03-05 16:45:00+00:00,5069.9809700000005,5034.953976071429,5136.500626571429,22.0,775.5438664285866,vwap_fade,VWAP fade: close 5069.58 is 66.92 (0.48x ATR) below session VWAP 5136.50 and turning,2026-03-05 21:00:00+00:00,5077.08084,session_end,9.899999999999999,0.0,156.1971399999802,0.2014033593216008,80230.28579123362
2026-03-06,-1,2026-03-06 15:45:00+00:00,5156.94906,5191.748123750001,5099.357884516128,22.0,770.5294025000221,vwap_fade,VWAP fade: close 5157.16 is 57.80 (0.42x ATR) above session VWAP 5099.36 and turning,2026-03-06 21:00:00+00:00,5153.4593700000005,session_end,9.899999999999999,0.0,76.7731799999874,0.09963692462726652,80307.05897123361
2026-03-18,1,2026-03-18 14:00:00+00:00,4862.83727,4829.131603392857,4945.047444166667,23.0,780.4053319642981,vwap_fade,VWAP fade: close 4863.21 is 81.84 (0.61x ATR) below session VWAP 4945.05 and turning,2026-03-18 20:00:00+00:00,4841.88156,session_end,10.35,0.0,-481.98133000000416,-0.6176038402849531,79825.0776412336
2026-03-19,1,2026-03-19 13:30:00+00:00,4565.1714600000005,4529.110572142858,4666.07486060606,21.0,762.0036450000089,vwap_fade,VWAP fade: close 4564.94 is 101.14 (0.71x ATR) below session VWAP 4666.07 and turning,2026-03-19 20:00:00+00:00,4637.364439999999,session_end,9.45,0.0,1516.0525799999768,1.9895607979669956,81341.13022123357
2026-03-20,1,2026-03-20 14:45:00+00:00,4574.940070000001,4534.611254642858,4663.831292469135,20.0,811.0763071428664,vwap_fade,VWAP fade: close 4574.69 is 89.14 (0.56x ATR) below session VWAP 4663.83 and turning,2026-03-20 18:30:00+00:00,4534.386254642857,stop,9.0,0.0,-811.0763071428664,-1.0,80530.0539140907
2026-03-23,-1,2026-03-23 11:30:00+00:00,4379.42091,4421.721013571429,4273.14276,18.0,765.4518642857238,vwap_fade,VWAP fade: close 4381.46 is 108.32 (0.64x ATR) above session VWAP 4273.14 and turning,2026-03-23 11:30:00+00:00,4421.946013571429,stop,8.1,0.0,-765.4518642857238,-1.0,79764.60204980498
2026-03-23,-1,2026-03-23 12:00:00+00:00,4374.20125,4416.501353571429,4288.382083958333,18.0,765.4518642857238,vwap_fade,VWAP fade: close 4374.58 is 86.20 (0.51x ATR) above session VWAP 4288.38 and turning,2026-03-23 12:30:00+00:00,4416.726353571429,stop,8.1,0.0,-765.4518642857238,-1.0,78999.15018551925
2026-03-23,-1,2026-03-23 13:15:00+00:00,4448.5502,4490.850303571428,4319.476882380953,18.0,765.4518642857238,vwap_fade,VWAP fade: close 4448.85 is 129.37 (0.77x ATR) above session VWAP 4319.48 and turning,2026-03-23 14:15:00+00:00,4491.075303571429,stop,8.1,0.0,-765.4518642857238,-1.0,78233.69832123352
2026-03-27,-1,2026-03-27 15:45:00+00:00,4532.36288,4577.6520710714285,4442.818200537634,17.0,773.7412482142963,vwap_fade,VWAP fade: close 4532.60 is 89.78 (0.50x ATR) above session VWAP 4442.82 and turning,2026-03-27 20:00:00+00:00,4514.98149,session_end,7.6499999999999995,0.0,295.48362999999244,0.3818894632823749,78529.1819512335
2026-03-31,-1,2026-03-31 18:00:00+00:00,4655.049489999999,4700.820455178571,4589.0167974999995,17.0,781.9314080357253,vwap_fade,VWAP fade: close 4655.44 is 66.43 (0.36x ATR) above session VWAP 4589.02 and turning,2026-03-31 20:00:00+00:00,4684.007570000001,session_end,7.6499999999999995,0.0,-492.2873600000212,-0.6295787008181276,78036.89459123349
2026-04-17,-1,2026-04-17 13:30:00+00:00,4853.3753,4882.814125357143,4800.707005641026,26.0,771.2594592857349,vwap_fade,VWAP fade: close 4853.89 is 53.18 (0.46x ATR) above session VWAP 4800.71 and turning,2026-04-17 14:00:00+00:00,4883.039125357143,stop,11.7,0.0,-771.2594592857349,-1.0,77265.63513194775
2026-04-17,-1,2026-04-17 14:15:00+00:00,4864.41069,4893.849515357143,4807.592858505746,26.0,771.2594592857349,vwap_fade,VWAP fade: close 4863.81 is 56.22 (0.48x ATR) above session VWAP 4807.59 and turning,2026-04-17 20:00:00+00:00,4854.5464600000005,session_end,11.7,0.0,256.46997999997984,0.3325339831001843,77522.10511194773
2026-04-21,1,2026-04-21 17:45:00+00:00,4718.19451,4691.333084285714,4767.746640930233,28.0,758.4199200000257,vwap_fade,VWAP fade: close 4718.11 is 49.64 (0.47x ATR) below session VWAP 4767.75 and turning,2026-04-21 19:30:00+00:00,4691.108084285714,stop,12.599999999999998,0.0,-758.4199200000257,-1.0,76763.6851919477
2026-04-29,1,2026-04-29 14:00:00+00:00,4523.348760000001,4499.324428214286,4562.355203928572,31.0,751.7292853571707,vwap_fade,VWAP fade: close 4523.73 is 38.63 (0.41x ATR) below session VWAP 4562.36 and turning,2026-04-29 16:00:00+00:00,4562.180203928572,target,12.399999999999999,0.0,1203.774761785713,1.6013407821590468,77967.45995373341
2026-05-01,-1,2026-05-01 14:30:00+00:00,4642.13192,4666.849004285715,4584.765755777779,31.0,773.2046128571737,vwap_fade,VWAP fade: close 4650.60 is 65.83 (0.67x ATR) above session VWAP 4584.77 and turning,2026-05-01 20:00:00+00:00,4611.358520000001,session_end,13.95,0.0,953.975399999973,1.233794242994501,78921.43535373338
2026-05-04,1,2026-05-04 10:30:00+00:00,4544.771000000001,4520.249980714286,4576.654244761905,31.0,767.126597857171,vwap_fade,VWAP fade: close 4542.45 is 34.20 (0.35x ATR) below session VWAP 4576.65 and turning,2026-05-04 12:15:00+00:00,4576.479244761905,target,12.399999999999999,0.0,982.955587619027,1.2813472904794792,79904.39094135241
2026-05-04,1,2026-05-04 16:30:00+00:00,4515.1108,4490.589780714286,4563.992924210525,31.0,767.126597857171,vwap_fade,VWAP fade: close 4514.39 is 49.60 (0.51x ATR) below session VWAP 4563.99 and turning,2026-05-04 20:00:00+00:00,4516.91244,session_end,13.95,0.0,55.85083999999006,0.07280524512642275,79960.2417813524
2026-05-11,-1,2026-05-11 14:00:00+00:00,4741.76629,4767.675287142857,4679.708789880952,30.0,784.0199142857364,vwap_fade,VWAP fade: close 4739.61 is 59.90 (0.58x ATR) above session VWAP 4679.71 and turning,2026-05-11 20:00:00+00:00,4734.838970000001,session_end,13.499999999999998,0.0,207.81959999996616,0.2650692874163732,80168.06138135237
2026-05-27,1,2026-05-27 11:45:00+00:00,4443.38529,4419.8163275,4478.3000512280705,33.0,785.2007625000269,vwap_fade,VWAP fade: close 4443.46 is 34.84 (0.37x ATR) below session VWAP 4478.30 and turning,2026-05-27 13:00:00+00:00,4419.591327499999,stop,14.849999999999998,0.0,-785.2007625000269,-1.0,79382.86061885234
2026-05-27,1,2026-05-27 13:45:00+00:00,4421.79704,4398.2280775,4464.521720864198,33.0,785.2007625000269,vwap_fade,VWAP fade: close 4423.33 is 41.19 (0.44x ATR) below session VWAP 4464.52 and turning,2026-05-27 20:00:00+00:00,4449.65561,session_end,14.849999999999998,0.0,919.3328099999808,1.1708251620552257,80302.19342885232
2026-05-28,-1,2026-05-28 13:30:00+00:00,4429.596219999999,4453.965192857143,4394.681007692308,32.0,787.0071314286033,vwap_fade,VWAP fade: close 4429.24 is 34.56 (0.36x ATR) above session VWAP 4394.68 and turning,2026-05-28 14:00:00+00:00,4454.190192857143,stop,14.399999999999999,0.0,-787.0071314286033,-1.0,79515.18629742372
2026-05-28,-1,2026-05-28 15:00:00+00:00,4464.72035,4489.089322857143,4404.8804367708335,32.0,787.0071314286033,vwap_fade,VWAP fade: close 4464.15 is 59.27 (0.61x ATR) above session VWAP 4404.88 and turning,2026-05-28 16:15:00+00:00,4489.314322857143,stop,14.399999999999999,0.0,-787.0071314286033,-1.0,78728.17916599511
2026-05-28,-1,2026-05-28 17:15:00+00:00,4508.67307,4533.042042857143,4423.476036747968,32.0,787.0071314286033,vwap_fade,VWAP fade: close 4509.01 is 85.53 (0.89x ATR) above session VWAP 4423.48 and turning,2026-05-28 20:00:00+00:00,4498.907020000001,session_end,14.399999999999999,0.0,312.5135999999766,0.3970911920870282,79040.69276599509
2026-05-29,-1,2026-05-29 15:30:00+00:00,4580.1064,4605.789280892857,4531.29662254902,30.0,777.2364267857392,vwap_fade,VWAP fade: close 4580.03 is 48.73 (0.48x ATR) above session VWAP 4531.30 and turning,2026-05-29 20:00:00+00:00,4544.425950000001,session_end,13.499999999999998,0.0,1070.4134999999678,1.3772044941674468,80111.10626599505
2026-06-01,1,2026-06-01 14:15:00+00:00,4459.4068800000005,4433.588035357143,4496.327222873564,30.0,781.3153392857384,vwap_fade,VWAP fade: close 4459.84 is 36.49 (0.36x ATR) below session VWAP 4496.33 and turning,2026-06-01 20:00:00+00:00,4479.99918,session_end,13.499999999999998,0.0,617.7689999999802,0.7906781921941162,80728.87526599504
2026-06-05,1,2026-06-05 13:15:00+00:00,4419.04939,4394.652224285714,4460.141951866665,32.0,787.9093028571806,vwap_fade,VWAP fade: close 4418.67 is 41.47 (0.43x ATR) below session VWAP 4460.14 and turning,2026-06-05 13:30:00+00:00,4394.427224285713,stop,14.399999999999999,0.0,-787.9093028571806,-1.0,79940.96596313786
2026-06-05,1,2026-06-05 15:00:00+00:00,4368.866220000001,4344.469054285714,4441.810230833333,32.0,787.9093028571806,vwap_fade,VWAP fade: close 4369.46 is 72.35 (0.75x ATR) below session VWAP 4441.81 and turning,2026-06-05 15:30:00+00:00,4344.244054285714,stop,14.399999999999999,0.0,-787.9093028571806,-1.0,79153.05666028068
2026-06-05,1,2026-06-05 16:15:00+00:00,4337.60688,4313.209714285714,4429.001306486487,32.0,787.9093028571806,vwap_fade,VWAP fade: close 4338.29 is 90.71 (0.94x ATR) below session VWAP 4429.00 and turning,2026-06-05 20:00:00+00:00,4317.92641,session_end,14.399999999999999,0.0,-629.7750400000077,-0.7992989011758922,78523.28162028067
2026-06-09,1,2026-06-09 16:30:00+00:00,4264.21272,4239.463376785714,4322.538119385964,31.0,774.2046396428914,vwap_fade,VWAP fade: close 4264.43 is 58.11 (0.59x ATR) below session VWAP 4322.54 and turning,2026-06-09 16:30:00+00:00,4239.238376785714,stop,13.95,0.0,-774.2046396428914,-1.0,77749.07698063778
2026-06-09,1,2026-06-09 17:00:00+00:00,4248.58687,4223.837526785714,4318.844766666665,31.0,774.2046396428914,vwap_fade,VWAP fade: close 4249.08 is 69.76 (0.71x ATR) below session VWAP 4318.84 and turning,2026-06-09 20:00:00+00:00,4257.8285,session_end,13.95,0.0,286.4905299999855,0.370044966576449,78035.56751063776
2026-06-10,1,2026-06-10 15:15:00+00:00,4123.291920000001,4098.06579375,4165.104350707071,30.0,763.5337875000278,vwap_fade,VWAP fade: close 4123.77 is 41.33 (0.41x ATR) below session VWAP 4165.10 and turning,2026-06-10 19:00:00+00:00,4097.84079375,stop,13.499999999999998,0.0,-763.5337875000278,-1.0,77272.03372313773
2026-06-11,-1,2026-06-11 18:00:00+00:00,4156.220539999999,4183.558569821428,4088.7610442424248,28.0,771.7648350000163,vwap_fade,VWAP fade: close 4157.16 is 68.40 (0.63x ATR) above session VWAP 4088.76 and turning,2026-06-11 19:00:00+00:00,4183.7835698214285,stop,12.599999999999998,0.0,-771.7648350000163,-1.0,76500.26888813771
2026-06-24,1,2026-06-24 13:45:00+00:00,4009.67664,3978.977470178572,4051.652434814815,24.0,742.1800757142773,vwap_fade,VWAP fade: close 4008.64 is 43.02 (0.35x ATR) below session VWAP 4051.65 and turning,2026-06-24 17:45:00+00:00,3978.752470178572,stop,10.799999999999999,0.0,-742.1800757142773,-1.0,75758.08881242343
2026-07-01,-1,2026-07-01 14:45:00+00:00,4104.967159999999,4133.539655357143,4011.3933183870963,26.0,748.7348792857392,vwap_fade,VWAP fade: close 4099.64 is 88.24 (0.78x ATR) above session VWAP 4011.39 and turning,2026-07-01 20:00:00+00:00,4038.08943,session_end,11.7,0.0,1738.8209799999804,2.3223453696437124,77496.90979242341
2026-07-02,-1,2026-07-02 13:00:00+00:00,4118.6377999999995,4146.526204285714,4072.68478125,27.0,759.0619157142983,vwap_fade,VWAP fade: close 4117.96 is 45.27 (0.41x ATR) above session VWAP 4072.68 and turning,2026-07-02 20:00:00+00:00,4121.8296,session_end,12.149999999999999,0.0,-86.17860000001383,-0.11353303098985988,77410.7311924234
2026-07-08,1,2026-07-08 09:30:00+00:00,4057.30977,4031.1737508928572,4094.5709323333335,29.0,764.4695541071328,vwap_fade,VWAP fade: close 4056.57 is 38.00 (0.37x ATR) below session VWAP 4094.57 and turning,2026-07-08 15:15:00+00:00,4030.9487508928573,stop,13.049999999999999,0.0,-764.4695541071328,-1.0,76646.26163831627
2026-07-08,1,2026-07-08 15:45:00+00:00,4031.49052,4005.3545008928572,4067.4923956190487,29.0,764.4695541071328,vwap_fade,VWAP fade: close 4031.16 is 36.34 (0.35x ATR) below session VWAP 4067.49 and turning,2026-07-08 17:00:00+00:00,4067.3173956190485,target,11.599999999999998,0.0,1038.9793929524117,1.3590853780513135,77685.24103126868
2026-07-13,1,2026-07-13 15:00:00+00:00,4012.32084,3986.9783214285712,4058.665151666667,30.0,767.0255571428561,vwap_fade,VWAP fade: close 4012.56 is 46.10 (0.46x ATR) below session VWAP 4058.67 and turning,2026-07-13 16:45:00+00:00,3986.7533214285713,stop,13.499999999999998,0.0,-767.0255571428561,-1.0,76918.21547412583
2026-07-13,1,2026-07-13 17:15:00+00:00,3998.24612,3972.903601428571,4047.5088147967485,30.0,767.0255571428561,vwap_fade,VWAP fade: close 3998.18 is 49.33 (0.49x ATR) below session VWAP 4047.51 and turning,2026-07-13 20:00:00+00:00,4001.54661,session_end,13.499999999999998,0.0,99.01470000000245,0.12908917972541725,77017.23017412583
2026-07-14,-1,2026-07-14 13:00:00+00:00,4071.07765,4096.824750892857,4026.5324030555553,29.0,753.1909258928608,vwap_fade,VWAP fade: close 4070.41 is 43.88 (0.43x ATR) above session VWAP 4026.53 and turning,2026-07-14 15:00:00+00:00,4097.049750892857,stop,13.049999999999999,0.0,-753.1909258928608,-1.0,76264.03924823296
2026-07-14,-1,2026-07-14 15:30:00+00:00,4084.1180600000002,4109.865160892858,4042.7768772549007,29.0,753.190925892874,vwap_fade,VWAP fade: close 4084.48 is 41.71 (0.41x ATR) above session VWAP 4042.78 and turning,2026-07-14 20:00:00+00:00,4056.10811,session_end,13.049999999999999,0.0,812.2885500000034,1.0784630059597065,77076.32779823296
2026-07-16,1,2026-07-16 13:15:00+00:00,3991.41532,3966.6735560714287,4027.305998533333,30.0,749.0029178571376,vwap_fade,VWAP fade: close 3992.23 is 35.08 (0.36x ATR) below session VWAP 4027.31 and turning,2026-07-16 20:00:00+00:00,3978.72975,session_end,13.499999999999998,0.0,-380.56710000000294,-0.5080982876392359,76695.76069823296
2026-07-22,-1,2026-07-22 16:00:00+00:00,4159.54,4181.303739642857,4128.394015648149,34.0,747.6171478571578,vwap_fade,VWAP fade: close 4159.87 is 31.48 (0.37x ATR) above session VWAP 4128.39 and turning,2026-07-22 20:00:00+00:00,4131.70203,session_end,15.299999999999999,0.0,946.4909799999859,1.2660102603489582,77642.25167823295
2026-07-23,1,2026-07-23 14:15:00+00:00,4047.83963,4026.488025714286,4082.781125977011,35.0,755.1811499999894,vwap_fade,VWAP fade: close 4048.51 is 34.27 (0.41x ATR) below session VWAP 4082.78 and turning,2026-07-23 20:00:00+00:00,4050.35449,session_end,15.749999999999998,0.0,88.02010000000791,0.11655494843854239,77730.27177823296
2026-07-30,-1,2026-07-30 16:45:00+00:00,4109.61482,4131.3632262500005,4078.899901111111,35.0,769.0692187500372,vwap_fade,VWAP fade: close 4109.33 is 30.43 (0.35x ATR) above session VWAP 4078.90 and turning,2026-07-30 20:00:00+00:00,4110.74859,session_end,15.749999999999998,0.0,-39.681950000012876,-0.05159737125418655,77690.58982823294
2026-08-05,-1,2026-08-05 15:30:00+00:00,4259.320839999999,4280.180815,4186.047285,36.0,759.059100000024,vwap_fade,VWAP fade: close 4258.33 is 72.28 (0.88x ATR) above session VWAP 4186.05 and turning,2026-08-05 20:00:00+00:00,4247.57923,session_end,16.2,0.0,422.6979599999686,0.5568709472028662,78113.2877882329
2026-08-07,-1,2026-08-07 13:00:00+00:00,4357.540999999999,4380.550233928571,4312.394147916667,33.0,766.729719642889,vwap_fade,VWAP fade: close 4357.17 is 44.78 (0.49x ATR) above session VWAP 4312.39 and turning,2026-08-07 20:00:00+00:00,4342.548360000001,session_end,14.849999999999998,0.0,494.7571199999529,0.6452823039524154,78608.04490823286
2026-08-19,-1,2026-08-19 13:30:00+00:00,4457.078799999999,4481.001444285714,4372.917977564101,32.0,772.7246171428706,vwap_fade,VWAP fade: close 4456.44 is 83.52 (0.88x ATR) above session VWAP 4372.92 and turning,2026-08-19 14:15:00+00:00,4481.226444285714,stop,14.399999999999999,0.0,-772.7246171428706,-1.0,77835.32029108999
2026-08-19,-1,2026-08-19 15:00:00+00:00,4487.595289999999,4511.517934285714,4391.8690340625,32.0,772.7246171428706,vwap_fade,VWAP fade: close 4487.65 is 95.78 (1.01x ATR) above session VWAP 4391.87 and turning,2026-08-19 19:45:00+00:00,4511.742934285714,stop,14.399999999999999,0.0,-772.7246171428706,-1.0,77062.59567394711
2026-08-20,-1,2026-08-20 15:30:00+00:00,4532.81905,4558.674002321429,4487.497556568626,29.0,756.3186173214444,vwap_fade,VWAP fade: close 4533.75 is 46.25 (0.45x ATR) above session VWAP 4487.50 and turning,2026-08-20 20:00:00+00:00,4528.934740000001,session_end,13.049999999999999,0.0,112.64498999998432,0.14893853915552743,77175.2406639471
2026-08-28,1,2026-08-28 14:45:00+00:00,4562.93588,4538.621008214285,4598.951721075269,31.0,760.7360253571696,vwap_fade,VWAP fade: close 4561.61 is 37.34 (0.39x ATR) below session VWAP 4598.95 and turning,2026-08-28 15:30:00+00:00,4538.396008214285,stop,13.95,0.0,-760.7360253571696,-1.0,76414.50463858993
2026-08-28,1,2026-08-28 17:00:00+00:00,4480.9119200000005,4456.597048214286,4582.4823651666675,31.0,760.7360253571696,vwap_fade,VWAP fade: close 4480.47 is 102.01 (1.06x ATR) below session VWAP 4582.48 and turning,2026-08-28 18:15:00+00:00,4456.372048214285,stop,13.95,0.0,-760.7360253571696,-1.0,75653.76861323277
2026-09-01,1,2026-09-01 13:30:00+00:00,4339.919080000001,4313.766651071429,4381.597677051282,28.0,738.5680100000172,vwap_fade,VWAP fade: close 4342.09 is 39.50 (0.38x ATR) below session VWAP 4381.60 and turning,2026-09-01 20:00:00+00:00,4326.0208299999995,session_end,12.599999999999998,0.0,-389.15100000003076,-0.5268993440428346,75264.61761323274
2026-09-02,-1,2026-09-02 14:45:00+00:00,4384.04421,4411.283678928572,4332.205146344086,27.0,741.5406610714545,vwap_fade,VWAP fade: close 4384.53 is 52.33 (0.48x ATR) above session VWAP 4332.21 and turning,2026-09-02 20:00:00+00:00,4387.99625,session_end,12.149999999999999,0.0,-106.70508000000336,-0.1438964652940607,75157.91253323274
2026-09-03,-1,2026-09-03 13:15:00+00:00,4486.276169999999,4513.665202499999,4437.965814533333,27.0,745.5788775000156,vwap_fade,VWAP fade: close 4486.25 is 48.28 (0.44x ATR) above session VWAP 4437.97 and turning,2026-09-03 20:00:00+00:00,4478.62113,session_end,12.149999999999999,0.0,206.68607999996584,0.2772155787097946,75364.59861323271
2026-09-04,1,2026-09-04 13:00:00+00:00,4403.886850000001,4375.735357321429,4467.9427280555565,26.0,737.7888096428851,vwap_fade,VWAP fade: close 4407.33 is 60.61 (0.54x ATR) below session VWAP 4467.94 and turning,2026-09-04 13:00:00+00:00,4375.510357321428,stop,11.7,0.0,-737.7888096428851,-1.0,74626.80980358983
2026-09-04,1,2026-09-04 13:30:00+00:00,4406.950900000001,4378.799407321429,4462.437893846154,26.0,737.7888096428851,vwap_fade,VWAP fade: close 4410.62 is 51.82 (0.46x ATR) below session VWAP 4462.44 and turning,2026-09-04 20:00:00+00:00,4434.13004,session_end,11.7,0.0,706.6576399999813,0.9578047684702993,75333.4674435898
2026-09-10,1,2026-09-10 13:00:00+00:00,4343.345,4316.507811607143,4389.543587777779,27.0,730.6790866071642,vwap_fade,VWAP fade: close 4343.58 is 45.97 (0.43x ATR) below session VWAP 4389.54 and turning,2026-09-10 19:00:00+00:00,4316.282811607142,stop,12.149999999999999,0.0,-730.6790866071642,-1.0,74602.78835698264
2026-09-11,-1,2026-09-11 13:15:00+00:00,4382.60014,4409.340764107143,4346.3943297333335,27.0,728.0718508928721,vwap_fade,VWAP fade: close 4383.64 is 37.24 (0.35x ATR) above session VWAP 4346.39 and turning,2026-09-11 18:15:00+00:00,4346.569329733334,target,10.799999999999999,0.0,972.8318771999784,1.3361756480585596,75575.62023418261
2026-10-02,1,2026-10-02 16:15:00+00:00,4135.12352,4113.2683907142855,4178.793960630632,34.0,750.7243957143091,vwap_fade,VWAP fade: close 4135.51 is 43.28 (0.50x ATR) below session VWAP 4178.79 and turning,2026-10-02 20:00:00+00:00,4145.569079999999,session_end,15.299999999999999,0.0,355.14903999997296,0.473075128539084,75930.76927418259
